Subject,Fluency_Item,Semantic_Similarity,Frequency_Value,Phonological_Similarity
CAF-657,lizard,0.0001,3.63,0.0001
CAF-657,cat,0.5371468257898924,4.78,0.0001
CAF-657,hawk,0.6053999681020054,3.81,0.0001
CAF-657,dog,0.6483614305671893,5.1,0.3333
CAF-657,turtle,0.47730095671108597,3.91,0.0001
CAF-657,jellyfish,0.4576129237761807,3.25,0.0001
CAF-657,bear,0.25432527285000806,4.71,0.1429
CAF-657,ant,0.5399881670879916,3.86,0.0001
CAF-657,mosquito,0.5678356471562335,3.61,0.1429
CAF-657,frog,0.5700534876591165,3.89,0.0001
CAF-657,tadpole,0.6589088981371939,2.51,0.0001
CAF-657,fish,0.5196178314037643,4.9,0.0001
CAF-657,shark,0.7789630041906284,4.1,0.0001
CAF-657,dolphin,0.6869940691724518,3.67,0.1667
CAF-657,gorilla,0.45179428665637567,3.62,0.1667
CAF-657,monkey,0.575975015896018,4.07,0.0001
CAF-657,fly,0.45128902741048005,4.75,0.0001
CAF-657,eagle,0.6757035402907091,4.13,0.0001
CAF-657,toad,0.5278482715926957,3.34,0.0001
CAF-657,rat,0.6303173493038485,4.17,0.0001
CAF-657,mouse,0.6719005679353358,4.31,0.0001
CAF-657,woodchuck,0.6139550388301378,2.3,0.125
CAF-657,fox,0.7220563739812631,4.66,0.0001
CAF-657,possum,0.6853637336897578,2.94,0.2
CAF-657,deer,0.5155563950038551,4.12,0.0001
CAF-657,squirrel,0.6161570362477106,3.69,0.0001
CAF-657,rabbit,0.7089916217190787,4.05,0.1667
CAF-657,bluebird,0.7650857020043591,2.91,0.0001
CAJ-663,peacock,0.0001,3.44,0.0001
CAJ-663,zebra,0.5024820357363666,3.4,0.0001
CAJ-663,elephant,0.680687320970493,4.08,0.1429
CAJ-663,zebra,0.680687320970493,3.4,0.1429
CAJ-663,horse,0.537519691400082,4.76,0.0001
CAJ-663,cat,0.3436327611584684,4.78,0.0001
CAJ-663,dog,0.8628857048123819,5.1,0.0001
CAJ-663,lizard,0.5676608749566058,3.63,0.0001
CAJ-663,turtle,0.41880995856908076,3.91,0.0001
CAJ-663,dolphin,0.47698581339819934,3.67,0.1667
CAJ-663,penguin,0.47327027954708223,3.78,0.2857
CAJ-663,buffalo,0.3845719081157424,4.14,0.0001
CAJ-663,kangaroo,0.5121324851884607,3.5,0.0001
CAJ-663,goose,0.5516781962476115,3.84,0.1667
CAJ-663,duck,0.7076147205496789,4.21,0.0001
CAJ-663,swan,0.4973433764437273,3.84,0.0001
CAJ-663,monkey,0.46343888592140314,4.07,0.0001
CAJ-663,shrimp,0.5497965313673017,3.79,0.0001
CAJ-663,lion,0.4709861438825482,4.25,0.0001
CAJ-663,tiger,0.7681389064993795,4.3,0.25
CAM-666,cat,0.0001,4.78,0.0001
CAM-666,dog,0.8628857048123819,5.1,0.0001
CAM-666,lizard,0.5676608749566058,3.63,0.0001
CAM-666,woman,0.39583827527560667,5.35,0.1667
CAM-666,goat,0.4371660626281766,4.02,0.0001
CAM-666,otter,0.45157973056061484,3.37,0.125
CAM-666,bear,0.41157597810716373,4.71,0.0001
CAM-666,firefly,0.36757856424289737,3.13,0.0001
CAM-666,fly,0.5813321456872981,4.75,0.3333
CAM-666,ant,0.44529208100003626,3.86,0.0001
CAM-666,bird,0.4735197335911636,4.63,0.0001
CAM-666,eagle,0.7641377187098998,4.13,0.0001
CAM-666,moose,0.5835027087954354,3.61,0.0001
CAM-666,deer,0.6156015389764411,4.12,0.0001
CAM-666,mouse,0.5123397974644501,4.31,0.0001
CAM-666,duck,0.6970840463037917,4.21,0.0001
CAM-666,crow,0.6417775971582633,3.8,0.0001
CAM-666,frog,0.7029401369658773,3.89,0.25
CAM-666,tadpole,0.6589088981371939,2.51,0.0001
CAM-666,caterpillar,0.7332506989804984,3.38,0.375
CAM-666,butterfly,0.5232816449165089,3.93,0.25
CAM-666,moth,0.49231787427331397,3.5,0.0001
CAM-666,gorilla,0.33436918725535936,3.62,0.0001
CAM-666,monkey,0.575975015896018,4.07,0.0001
CAM-666,horse,0.37122553970292416,4.76,0.0001
CAN-667,cat,0.0001,4.78,0.0001
CAN-667,lion,0.6376705357921858,4.25,0.0001
CAN-667,tiger,0.7681389064993795,4.3,0.25
CAN-667,dog,0.6963213212121123,5.1,0.25
CAN-667,mouse,0.6828974437594914,4.31,0.0001
CAN-667,sheep,0.5741774485869647,4.19,0.0001
CAN-667,horse,0.5641505804027287,4.76,0.0001
CAN-667,pig,0.5737210558748866,4.14,0.0001
CAN-667,goat,0.6678917598249352,4.02,0.0001
CAN-667,pony,0.4877213216516385,3.81,0.25
CAN-667,peacock,0.3478527198278385,3.44,0.2
CAN-667,bird,0.5471302703033898,4.63,0.0001
CAN-667,lion,0.5982440523188578,4.25,0.0001
CAN-667,lamb,0.6026494687952981,4.02,0.25
CAN-667,elephant,0.4374474265892112,4.08,0.1429
CAN-667,chicken,0.3215951328308907,4.63,0.2857
CAN-667,rooster,0.5722194589526469,3.31,0.0001
CAP-671,zebra,0.0001,3.4,0.0001
CAP-671,elephant,0.680687320970493,4.08,0.1429
CAP-671,lion,0.7044682582263694,4.25,0.4286
CAP-671,hippopotamus,0.6809171452856405,2.56,0.0001
CAP-671,bat,0.4068426254522104,4.3,0.0001
CAP-671,fish,0.32240343961087314,4.9,0.0001
CAP-671,shark,0.7789630041906284,4.1,0.0001
CAP-671,turtle,0.6072292752796076,3.91,0.0001
CAP-671,snake,0.6577824345826482,4.23,0.0001
CAP-671,dolphin,0.5986554247248037,3.67,0.0001
CAP-671,whale,0.5859027707692489,3.98,0.1667
CAP-671,chicken,0.4515800391738023,4.63,0.0001
CAP-671,cow,0.6174006090793362,4.14,0.2
CAP-671,horse,0.7144051594165327,4.76,0.0001
CAP-671,butterfly,0.24096181383227355,3.93,0.0001
CAP-671,bear,0.3907567885110941,4.71,0.1429
CAP-671,deer,0.35297071354355625,4.12,0.3333
CAP-671,tiger,0.538074262142442,4.3,0.0001
CAP-671,stork,0.4842996082527957,2.88,0.125
CAQ-672,alligator,0.0001,3.32,0.0001
CAQ-672,jellyfish,0.6679210849368318,3.25,0.0001
CAQ-672,ostrich,0.6535761535960674,3.05,0.1429
CAQ-672,peacock,0.6119836664337878,3.44,0.0001
CAQ-672,bear,0.2922767635043726,4.71,0.0001
CAQ-672,tiger,0.30989879691025357,4.3,0.0001
CAQ-672,lion,0.7681389064993795,4.25,0.25
CAQ-672,gorilla,0.507422279598863,3.62,0.0001
CAQ-672,monkey,0.575975015896018,4.07,0.0001
CAQ-672,dog,0.6876917554091692,5.1,0.0001
CAQ-672,cat,0.8628857048123819,4.78,0.0001
CAQ-672,hyena,0.5462200826218395,2.8,0.0001
CAQ-672,snake,0.6402599256023763,4.23,0.0001
CAQ-672,fish,0.6446006734745279,4.9,0.0001
CAQ-672,bird,0.6139757100054463,4.63,0.0001
CAQ-672,rabbit,0.6353870918493767,4.05,0.2
CAQ-672,dolphin,0.511002885669772,3.67,0.1667
CAQ-672,squirrel,0.5898720414431409,3.69,0.1667
CAQ-672,guinea,0.5570379712037355,4.06,0.0001
CAQ-672,mouse,0.4325735778017403,4.31,0.0001
CAQ-672,lizard,0.5838297445501158,3.63,0.0001
CAQ-672,crocodile,0.605308957063395,3.49,0.125
CAR-673,elephant,0.0001,4.08,0.0001
CAR-673,zebra,0.680687320970493,3.4,0.1429
CAR-673,tiger,0.645108357391031,4.3,0.0001
CAR-673,lion,0.7681389064993795,4.25,0.25
CAR-673,leopard,0.6790797775441532,3.59,0.0001
CAR-673,dog,0.6193977420144423,5.1,0.0001
CAR-673,cat,0.8628857048123819,4.78,0.0001
CAR-673,mouse,0.7187751907214064,4.31,0.0001
CAR-673,rat,0.6719005679353358,4.17,0.0001
CAR-673,ostrich,0.35082892278051503,3.05,0.0001
CAR-673,parakeet,0.49601923537442083,2.48,0.0001
CAR-673,fish,0.5081587860342918,4.9,0.0001
CAR-673,mouse,0.5251195495848197,4.31,0.1667
CAR-673,guinea,0.4325735778017403,4.06,0.0001
CAR-673,rodents,0.41417480742422463,3.32,0.0001
CAR-673,zebra,0.70989375987028,3.4,0.0001
CAR-673,horse,0.537519691400082,4.76,0.0001
CAR-673,tiger,0.34513289282418147,4.3,0.0001
CAR-673,ostrich,0.37502002908257814,3.05,0.0001
CAR-673,elk,0.5735128013950647,3.49,0.0001
CAR-673,deer,0.7510288782306637,4.12,0.0001
CAR-673,antelope,0.7600411475078961,3.08,0.0001
CAS-674,cat,0.0001,4.78,0.0001
CAS-674,dog,0.8628857048123819,5.1,0.0001
CAS-674,fish,0.5216253513515097,4.9,0.0001
CAS-674,shark,0.7789630041906284,4.1,0.0001
CAS-674,dolphin,0.6869940691724518,3.67,0.1667
CAS-674,shrimp,0.554435801768797,3.79,0.0001
CAS-674,crab,0.7075974763331351,3.76,0.2
CAS-674,lobster,0.7101948048840256,3.65,0.0001
CAS-674,lizard,0.4223457005898006,3.63,0.0001
CAS-674,bear,0.41969784189237336,4.71,0.0001
CAS-674,lion,0.4696568655214064,4.25,0.0001
CAS-674,tiger,0.7681389064993795,4.3,0.25
CAS-674,eagle,0.5998169732396197,4.13,0.0001
CAS-674,falcon,0.654446547001561,3.74,0.1667
CAS-674,raven,0.6602788468981106,3.79,0.3333
CAS-674,lizard,0.5541445988755137,3.63,0.1667
CAS-674,alligator,0.7268456623288725,3.32,0.0001
CAS-674,crocodile,0.7408621547818114,3.49,0.0001
CAS-674,mammoth,0.50496696731492,3.4,0.125
CAS-674,kangaroo,0.43718126548837266,3.5,0.0001
CAU-667,shark,0.0001,4.1,0.0001
CAU-667,fish,0.7789630041906284,4.9,0.0001
CAU-667,eel,0.6485376591204371,3.23,0.0001
CAU-667,penguin,0.42584769543761636,3.78,0.25
CAU-667,polar,0.5678815124945602,3.96,0.1429
CAU-667,dolphin,0.5715236693926677,3.67,0.1667
CAU-667,stallion,0.717388316530194,3.24,0.4286
CAU-667,seal,0.38248816274744635,4.3,0.2857
CAU-667,tiger,0.396320182136608,4.3,0.0001
CAU-667,bear,0.30989879691025357,4.71,0.0001
CAU-667,mule,0.35923252425122043,3.44,0.0001
CAU-667,deer,0.5268219679745232,4.12,0.0001
CAU-667,bat,0.40318587959754537,4.3,0.0001
CAU-667,foal,0.5240234411567326,2.83,0.0001
CAU-667,bear,0.6015455523332653,4.71,0.0001
CAU-667,primate,0.3316922848334568,3.14,0.0001
CAU-667,lion,0.29393468656624466,4.25,0.25
CAU-667,elephant,0.7044682582263694,4.08,0.4286
CAU-667,kangaroo,0.4612549863380222,3.5,0.0001
CAU-667,ostrich,0.45313491743585343,3.05,0.0001
CAU-667,rhinoceros,0.4824779504678577,2.85,0.0001
CAU-667,hippopotamus,0.7172632827180554,2.56,0.0001
CAU-667,stork,0.5219895246425029,2.88,0.0001
CAU-667,guinea,0.5005677343406025,4.06,0.125
CAU-667,fowl,0.6403085216700127,3.0,0.0001
CAU-667,zebra,0.5346275864257454,3.4,0.0001
CAU-667,antelope,0.803869959857196,3.08,0.0001
CAU-667,cow,0.5048679616204168,4.14,0.25
CAU-667,horse,0.7144051594165327,4.76,0.0001
CAU-667,pig,0.5737210558748866,4.14,0.0001
CAU-667,sheep,0.683784327768505,4.19,0.0001
CAU-667,donkey,0.5024871979103146,3.62,0.0001
CAU-667,ox,0.6955588049291287,3.47,0.4
CAV-678,dog,0.0001,5.1,0.0001
CAV-678,cat,0.8628857048123819,4.78,0.0001
CAV-678,bird,0.6751700864891439,4.63,0.0001
CAV-678,elephant,0.5484746094368289,4.08,0.0001
CAV-678,kangaroo,0.4612549863380222,3.5,0.0001
CAV-678,leopard,0.6638214641350515,3.59,0.0001
CAV-678,lion,0.6790797775441532,4.25,0.0001
CAV-678,tiger,0.7681389064993795,4.3,0.25
CAV-678,bear,0.30989879691025357,4.71,0.0001
CAV-678,lizard,0.41969784189237336,3.63,0.0001
CAV-678,kangaroo,0.5671009164967271,3.5,0.0001
CAV-678,pelican,0.5010219268487948,3.07,0.0001
CAV-678,penguin,0.5695448856770815,3.78,0.5714
CAV-678,polar,0.5678815124945602,3.96,0.1429
CAV-678,grizzly,0.4416139383456419,3.28,0.1667
CAV-678,moose,0.6487208618979905,3.61,0.0001
CAV-678,turtle,0.5279839090666951,3.91,0.0001
CAV-678,stork,0.6693745167995028,2.88,0.0001
CAV-678,rhinoceros,0.5581572901412571,2.85,0.0001
CAV-678,parrot,0.6357522901806095,3.49,0.0001
CAV-678,parakeet,0.5745035285316924,2.48,0.1429
CAV-678,alligator,0.6015084116028133,3.32,0.1429
CAV-678,crocodile,0.7408621547818114,3.49,0.0001
CAV-678,zebra,0.5903464991128956,3.4,0.0001
CAV-678,horse,0.537519691400082,4.76,0.0001
CAV-678,rooster,0.4769103657155558,3.31,0.0001
CAV-678,chicken,0.5722194589526469,4.63,0.0001
CAV-678,pony,0.3048164904639381,3.81,0.0001
CAY-681,penguin,0.0001,3.78,0.0001
CAY-681,snake,0.42049125577623025,4.23,0.0001
CAY-681,elephant,0.6301417547393656,4.08,0.0001
CAY-681,zebra,0.680687320970493,3.4,0.1429
CAY-681,dog,0.5935288205911039,5.1,0.0001
CAY-681,cat,0.8628857048123819,4.78,0.0001
CAY-681,gorilla,0.5735850694637544,3.62,0.0001
CAY-681,shrimp,0.4679020107403635,3.79,0.2
CAY-681,ape,0.44308771640537525,3.48,0.2
CAY-681,insect,0.5580438536317999,3.76,0.0001
CAY-681,butterfly,0.5359067864120637,3.93,0.0001
CAY-681,ladybug,0.5752472392403888,2.67,0.0001
CAY-681,beetle,0.652047750143796,3.53,0.0001
CAY-681,worm,0.5777680013292863,3.77,0.0001
CAY-681,ant,0.5652194146499412,3.86,0.0001
CAY-681,lizard,0.521027392461019,3.63,0.1667
CAY-681,sloth,0.3294631381578228,3.1,0.0001
CAY-681,human,0.6645547805318781,5.35,0.0001
CAY-681,robin,0.06529746074416043,4.33,0.3333
CAY-681,cardinal,0.43469386021869005,3.9,0.375
CAY-681,bluebird,0.35812377945078055,2.91,0.0001
CBD-686,lion,0.0001,4.25,0.0001
CBD-686,tiger,0.7681389064993795,4.3,0.25
CBD-686,monkey,0.7005668500595651,4.07,0.0001
CBD-686,baboon,0.5742867500191364,2.73,0.0001
CBD-686,zebra,0.6743222892950367,3.4,0.0001
CBD-686,elephant,0.680687320970493,4.08,0.1429
CBD-686,buffalo,0.5084019850168776,4.14,0.2857
CBD-686,polar,0.46317621926490915,3.96,0.1667
CBD-686,bear,0.30594708780634994,4.71,0.2
CBD-686,grizzly,0.5358134808781309,3.28,0.0001
CBD-686,duck,0.5282892353698171,4.21,0.0001
CBD-686,crocodile,0.6942920222554345,3.49,0.125
CBD-686,alligator,0.7408621547818114,3.32,0.0001
CBD-686,crocodile,0.7408621547818114,3.49,0.0001
CBD-686,bear,0.5014741880534711,4.71,0.125
CBD-686,sheep,0.3652844260999112,4.19,0.0001
CBD-686,goat,0.6439075247344902,4.02,0.0001
CBD-686,cow,0.7265640563586404,4.14,0.0001
CBD-686,pony,0.5828772091711841,3.81,0.0001
CBD-686,horse,0.7811424229383547,4.76,0.0001
CBF-691,dog,0.0001,5.1,0.0001
CBF-691,cat,0.8628857048123819,4.78,0.0001
CBF-691,fish,0.6330656576107478,4.9,0.0001
CBF-691,elephant,0.43812555716050205,4.08,0.125
CBF-691,leopard,0.6205289856589515,3.59,0.1429
CBF-691,tiger,0.6295601271632968,4.3,0.0001
CBF-691,lion,0.7681389064993795,4.25,0.25
CBF-691,polar,0.2799374134921202,3.96,0.0001
CBF-691,turtle,0.31744206292017974,3.91,0.0001
CBF-691,penguin,0.38699723720285606,3.78,0.1429
CBF-691,zebra,0.6338071228797416,3.4,0.0001
CBF-691,mouse,0.5003136372487633,4.31,0.0001
CBF-691,squirrel,0.6849012338404299,3.69,0.0001
CBF-691,rabbit,0.7089916217190787,4.05,0.1667
CBF-691,coyote,0.6471580668109819,3.36,0.0001
CBF-691,deer,0.586309033895608,4.12,0.0001
CBF-691,walrus,0.6177898909447962,2.98,0.1667
CBF-691,eel,0.5766423910779582,3.23,0.25
CBH-693,dog,0.0001,5.1,0.0001
CBH-693,cat,0.8628857048123819,4.78,0.0001
CBH-693,fish,0.6330656576107478,4.9,0.0001
CBH-693,jellyfish,0.6053824827930462,3.25,0.5
CBH-693,shark,0.590947907018861,4.1,0.0001
CBH-693,kangaroo,0.6446731210662033,3.5,0.0001
CBH-693,camel,0.5540426115602498,3.64,0.1667
CBH-693,alligator,0.45946663233222473,3.32,0.1429
CBH-693,leopard,0.5968888112033292,3.59,0.1429
CBH-693,penguin,0.46827139246327487,3.78,0.1429
CBH-693,polar,0.5678815124945602,3.96,0.1429
CBH-693,bear,0.30594708780634994,4.71,0.2
CBH-693,antelope,0.3587234287736887,3.08,0.2857
CBH-693,sloth,0.31735446517247934,3.1,0.4286
CBH-693,lizard,0.3294631381578228,3.63,0.0001
CBH-693,stork,0.4408704335689757,2.88,0.25
CBH-693,bird,0.6787060870929276,4.63,0.0001
CBH-693,peacock,0.5471302703033898,3.44,0.0001
CBH-693,monkey,0.4292690781973465,4.07,0.0001
CBH-693,shrimp,0.5497965313673017,3.79,0.0001
CBH-693,lion,0.4709861438825482,4.25,0.0001
CBH-693,tiger,0.7681389064993795,4.3,0.25
CBH-693,crocodile,0.6448950117996425,3.49,0.0001
CBJ-697,lion,0.0001,4.25,0.0001
CBJ-697,tiger,0.7681389064993795,4.3,0.25
CBJ-697,stork,0.4842996082527957,2.88,0.125
CBJ-697,monkey,0.4893674096055136,4.07,0.25
CBJ-697,parrot,0.7102100083889007,3.49,0.1429
CBJ-697,ferret,0.5157355184864549,3.01,0.0001
CBJ-697,cat,0.543845522169537,4.78,0.2
CBJ-697,dog,0.8628857048123819,5.1,0.0001
CBJ-697,fish,0.5216253513515097,4.9,0.0001
CBJ-697,shrimp,0.6840034421464148,3.79,0.0001
CBJ-697,squirrel,0.5467192831301729,3.69,0.0001
CBJ-697,zebra,0.6578487273894736,3.4,0.0001
CBJ-697,elephant,0.680687320970493,4.08,0.1429
CBJ-697,jaguar,0.652848453813444,3.51,0.0001
CBJ-697,leopard,0.7064506661409862,3.59,0.0001
CBJ-697,rhinoceros,0.49781016143405044,2.85,0.0001
CBJ-697,bear,0.47819929995588106,4.71,0.2
CBJ-697,foal,0.6015455523332653,2.83,0.0001
CBJ-697,sloth,0.39631771525753035,3.1,0.0001
CBJ-697,beaver,0.11588304568423957,3.61,0.1667
CBJ-697,porcupine,0.5507200290378927,2.88,0.0001
CBJ-697,possum,0.4709210489591473,2.94,0.1111
CBJ-697,zebra,0.5184883340769268,3.4,0.0001
CBL-698,dog,0.0001,5.1,0.0001
CBL-698,terrier,0.6913063367125709,3.24,0.0001
CBL-698,cat,0.6683313115407469,4.78,0.0001
CBL-698,dog,0.8628857048123819,5.1,0.0001
CBL-698,bird,0.5653152713702759,4.63,0.0001
CBL-698,parakeet,0.5516746973908688,2.48,0.0001
CBL-698,pelican,0.6390899479414833,3.07,0.5714
CBL-698,parrot,0.6305228294140733,3.49,0.2857
CBL-698,pelican,0.6305228294140733,3.07,0.2857
CBL-698,fossil,0.5285561610295759,3.99,0.1429
CBL-698,foal,0.1923769697932266,2.83,0.0001
CBL-698,kangaroo,0.5343611584287308,3.5,0.0001
CBL-698,zebra,0.6269843705477833,3.4,0.0001
CBL-698,elephant,0.680687320970493,4.08,0.1429
CBL-698,tiger,0.5510461635914914,4.3,0.0001
CBL-698,zebra,0.645108357391031,3.4,0.0001
CBL-698,lice,0.7780705821337534,3.21,0.0001
CBL-698,insect,0.5736824669832357,3.76,0.0001
CBL-698,beetle,0.6744689843761322,3.53,0.0001
CBM-702,tiger,0.0001,4.3,0.0001
CBM-702,dolphin,0.4709438318418926,3.67,0.0001
CBM-702,lion,0.5888290923979773,4.25,0.5
CBM-702,penguin,0.3327959547955801,3.78,0.2857
CBM-702,stork,0.27169412819427907,2.88,0.0001
CBM-702,gull,0.5662839288676262,3.0,0.0001
CBM-702,pigeon,0.5510484882388487,3.61,0.0001
CBM-702,woodpecker,0.6898103734067805,2.82,0.0001
CBM-702,lizard,0.5622089156238008,3.63,0.0001
CBM-702,snake,0.6989081019589145,4.23,0.0001
CBM-702,snail,0.6784833568695109,3.67,0.75
CBM-702,goldfish,0.6861600247827203,3.28,0.0001
CBM-702,fish,0.7049731268537882,4.9,0.2857
CBM-702,dog,0.5216253513515097,5.1,0.0001
CBM-702,cat,0.8628857048123819,4.78,0.0001
CBM-702,mouse,0.7187751907214064,4.31,0.3333
CBM-702,snake,0.7080832031197661,4.23,0.0001
CBM-702,mouse,0.7080832031197661,4.31,0.0001
CBM-702,rabbit,0.8048340489707291,4.05,0.3333
CBM-702,reptile,0.4790104240590626,3.25,0.1667
CBM-702,polar,0.33706446374540344,3.96,0.1667
CBM-702,grizzly,0.4416139383456419,3.28,0.1667
CBM-702,bear,0.5358134808781309,4.71,0.0001
CBM-702,hedgehog,0.4934016962502329,3.25,0.0001
CBM-702,porcupine,0.5811199259551897,2.88,0.0001
CBM-702,fossil,0.5583741017756052,3.99,0.1111
CBP-707,cow,0.0001,4.14,0.0001
CBP-707,pig,0.7754488486757537,4.14,0.0001
CBP-707,dog,0.7181036874972738,5.1,0.0001
CBP-707,cat,0.8628857048123819,4.78,0.0001
CBP-707,fish,0.6330656576107478,4.9,0.1429
CBP-707,bird,0.6139757100054463,4.63,0.0001
CBP-707,horse,0.2705517324055837,4.76,0.0001
CBP-707,elephant,0.6401816720798693,4.08,0.0001
CBP-707,tiger,0.5510461635914914,4.3,0.0001
CBP-707,leopard,0.6295601271632968,3.59,0.0001
CBP-707,penguin,0.46827139246327487,3.78,0.1429
CBP-707,fish,0.471747683866345,4.9,0.0001
CBP-707,shark,0.7789630041906284,4.1,0.0001
CBP-707,dolphin,0.6869940691724518,3.67,0.1667
CBP-707,whale,0.5859027707692489,3.98,0.1667
CBP-707,ant,0.5136746691832369,3.86,0.0001
CBP-707,centipede,0.5530781230474517,2.79,0.25
CBP-707,insect,0.5548300671912693,3.76,0.125
CBP-707,lizard,0.4531186626353516,3.63,0.25
CBP-707,snake,0.6989081019589145,4.23,0.0001
CBP-707,mouse,0.7080832031197661,4.31,0.0001
CBP-707,rat,0.6719005679353358,4.17,0.3333
CBP-707,parrot,0.6313752449370049,3.49,0.1429
CBP-707,worm,0.471204496918078,3.77,0.0001
CBP-707,elephant,0.3405047923248654,4.08,0.0001
CBP-707,monkey,0.5927320795329062,4.07,0.0001
CBP-707,gorilla,0.575975015896018,3.62,0.0001
CBS-711,bear,0.0001,4.71,0.0001
CBS-711,tiger,0.30989879691025357,4.3,0.0001
CBS-711,rabbit,0.6264945944989359,4.05,0.0001
CBS-711,mouse,0.8048340489707291,4.31,0.3333
CBS-711,bird,0.7615815702793896,4.63,0.0001
CBS-711,tiger,0.634179375370068,4.3,0.0001
CBS-711,dolphin,0.4709438318418926,3.67,0.0001
CBS-711,seal,0.3642265307462178,4.3,0.1667
CBS-711,horse,0.3333731735543314,4.76,0.0001
CBS-711,kangaroo,0.4065930756021847,3.5,0.0001
CBS-711,leopard,0.6638214641350515,3.59,0.0001
CBS-711,zebra,0.7016286277700367,3.4,0.4
CBS-711,ostrich,0.6412637787469375,3.05,0.0001
CBS-711,rhinoceros,0.4824779504678577,2.85,0.0001
CBS-711,hippopotamus,0.7172632827180554,2.56,0.0001
CBS-711,whale,0.6818825583826027,3.98,0.0001
CBS-711,jaguar,0.559334173644888,3.51,0.1667
CBS-711,dog,0.6422213177797585,5.1,0.1667
CBS-711,cat,0.8628857048123819,4.78,0.0001
CBS-711,monkey,0.720120331835892,4.07,0.0001
CBS-711,alligator,0.6933156817395748,3.32,0.0001
CBS-711,crocodile,0.7408621547818114,3.49,0.0001
CBS-711,parrot,0.6255629867224892,3.49,0.0001
CBW-715,horse,0.0001,4.76,0.0001
CBW-715,puppy,0.5739413787904624,4.0,0.0001
CBW-715,dog,0.7884685540347294,5.1,0.0001
CBW-715,pig,0.7181036874972738,4.14,0.0001
CBW-715,donkey,0.6431855100545264,3.62,0.0001
CBW-715,mule,0.6260142052301867,3.44,0.0001
CBW-715,goose,0.434634152684896,3.84,0.25
CBW-715,duck,0.7076147205496789,4.21,0.0001
CBW-715,fish,0.6846808252476306,4.9,0.0001
CBW-715,leopard,0.5040511987307664,3.59,0.0001
CBW-715,lion,0.6790797775441532,4.25,0.0001
CBW-715,leopard,0.6790797775441532,3.59,0.0001
CBW-715,jaguar,0.7064506661409862,3.51,0.0001
CBW-715,monkey,0.5731377718381162,4.07,0.0001
CBW-715,gorilla,0.575975015896018,3.62,0.0001
CBW-715,ape,0.5548602933962089,3.48,0.0001
CBW-715,snake,0.6304285677369251,4.23,0.25
CBW-715,bee,0.6066965734895259,4.09,0.0001
CCB-720,zebra,0.0001,3.4,0.0001
CCB-720,tiger,0.645108357391031,4.3,0.0001
CCB-720,lizard,0.5189748233865733,3.63,0.0001
CCB-720,snake,0.6989081019589145,4.23,0.0001
CCB-720,foal,0.5607881135910516,2.83,0.0001
CCB-720,shark,0.4590672564863486,4.1,0.0001
CCB-720,fish,0.7789630041906284,4.9,0.0001
CCB-720,bunny,0.31203781666101693,3.88,0.1429
CCB-720,dog,0.4122571401903594,5.1,0.0001
CCB-720,cat,0.8628857048123819,4.78,0.0001
CCB-720,mouse,0.7187751907214064,4.31,0.3333
CCB-720,gopher,0.27316416609304284,2.87,0.1667
CCB-720,leopard,0.23830486434866693,3.59,0.0001
CCC-721,dog,0.0001,5.1,0.0001
CCC-721,cat,0.8628857048123819,4.78,0.0001
CCC-721,lion,0.6376705357921858,4.25,0.0001
CCC-721,tiger,0.7681389064993795,4.3,0.25
CCC-721,zebra,0.645108357391031,3.4,0.0001
CCC-721,chicken,0.5378969437357268,4.63,0.0001
CCC-721,fish,0.6269426237220941,4.9,0.0001
CCC-721,zebra,0.5953484657734173,3.4,0.0001
CCC-721,wolf,0.6339837018705671,4.35,0.25
CCC-721,mouse,0.6657613478657068,4.31,0.0001
CCC-721,otter,0.47350184762438163,3.37,0.125
CCC-721,beaver,0.3697774503693073,3.61,0.0001
CCC-721,duck,0.5303088030567207,4.21,0.0001
CCC-721,goose,0.7076147205496789,3.84,0.0001
CCC-721,bird,0.6404123091690285,4.63,0.0001
CCD-722,dog,0.0001,5.1,0.0001
CCD-722,cat,0.8628857048123819,4.78,0.0001
CCD-722,horse,0.3436327611584684,4.76,0.0001
CCD-722,frog,0.3462540087658025,3.89,0.0001
CCD-722,butterfly,0.5286286245276803,3.93,0.0001
CCD-722,cricket,0.35233125044062574,4.39,0.0001
CCD-722,spider,0.36028965859796125,4.25,0.1111
CCD-722,zebra,0.5596108365620923,3.4,0.1111
CCD-722,elephant,0.680687320970493,4.08,0.1429
CCD-722,rhinoceros,0.6223600279054285,2.85,0.1429
CCD-722,hippopotamus,0.7172632827180554,2.56,0.0001
CCD-722,eagle,0.5968430642813275,4.13,0.0001
CCD-722,tiger,0.5998169732396197,4.3,0.0001
CCD-722,lion,0.7681389064993795,4.25,0.25
CCD-722,bear,0.4696568655214064,4.71,0.0001
CCD-722,polar,0.30594708780634994,3.96,0.2
CCD-722,dolphin,0.5715236693926677,3.67,0.1667
CCD-722,penguin,0.47327027954708223,3.78,0.2857
CCD-722,lizard,0.3616348398560798,3.63,0.2857
CCD-722,snake,0.6989081019589145,4.23,0.0001
CCD-722,spider,0.6377204663938915,4.25,0.1111
CCD-722,shark,0.6291322576352887,4.1,0.1111
CCD-722,primate,0.08446888447068857,3.14,0.0001
CCD-722,sloth,0.39492430180295135,3.1,0.0001
CCD-722,zebra,0.49660493247461324,3.4,0.0001
CCD-722,antelope,0.803869959857196,3.08,0.0001
CCD-722,deer,0.7600411475078961,4.12,0.1818
CCD-722,rabbit,0.5106638939679675,4.05,0.0001
CCD-722,kangaroo,0.7114370128911713,3.5,0.0001
CCF-724,zebra,0.0001,3.4,0.0001
CCF-724,elephant,0.680687320970493,4.08,0.1429
CCF-724,monkey,0.5927320795329062,4.07,0.0001
CCF-724,oscar,0.21092900961070238,4.31,0.2
CCF-724,ostrich,0.1913486081021375,3.05,0.0001
CCF-724,fish,0.5822788335148775,4.9,0.0001
CCF-724,shark,0.7789630041906284,4.1,0.0001
CCF-724,whale,0.7643223081820133,3.98,0.0001
CCF-724,bird,0.4534569784503353,4.63,0.0001
CCF-724,mouse,0.7615815702793896,4.31,0.0001
CCF-724,rat,0.6719005679353358,4.17,0.3333
CCF-724,cat,0.6558202980904815,4.78,0.6667
CCF-724,dog,0.8628857048123819,5.1,0.0001
CCF-724,horse,0.6085885925335648,4.76,0.0001
CCF-724,pig,0.5737210558748866,4.14,0.0001
CCF-724,cow,0.7754488486757537,4.14,0.0001
CCF-724,chicken,0.6174006090793362,4.63,0.2
CCF-724,seal,0.37569085575803296,4.3,0.0001
CCH-726,zebra,0.0001,3.4,0.0001
CCH-726,hippopotamus,0.75677512265225,2.56,0.0001
CCH-726,elephant,0.6600329721380637,4.08,0.0001
CCH-726,donkey,0.5712407956398954,3.62,0.0001
CCH-726,horse,0.6391597414384069,4.76,0.0001
CCH-726,dog,0.6085885925335648,5.1,0.0001
CCH-726,cat,0.8628857048123819,4.78,0.0001
CCH-726,spider,0.43720036344013824,4.25,0.1111
CCH-726,fish,0.5520692112585943,4.9,0.0001
CCH-726,possum,0.38563464341786124,2.94,0.0001
CCH-726,deer,0.5155563950038551,4.12,0.0001
CCH-726,frog,0.4498270564769611,3.89,0.0001
CCH-726,snake,0.6452327938295611,4.23,0.0001
CCH-726,parrot,0.6040432487297074,3.49,0.1429
CCH-726,zebra,0.47220417912839086,3.4,0.0001
CCH-726,stork,0.40898841382980844,2.88,0.0001
CCH-726,duck,0.7721256800840248,4.21,0.0001
CCH-726,turtle,0.7540656553303108,3.91,0.0001
CCH-726,leopard,0.38663482751789324,3.59,0.4
CCH-726,jaguar,0.7064506661409862,3.51,0.0001
CCH-726,panther,0.7173142416296475,3.65,0.1667
CCH-726,lion,0.7785858498902173,4.25,0.0001
CCL-730,cat,0.0001,4.78,0.0001
CCL-730,dog,0.8628857048123819,5.1,0.0001
CCL-730,butterfly,0.37959979277177935,3.93,0.0001
CCL-730,bee,0.4906760268564818,4.09,0.1429
CCL-730,lion,0.5060378814191703,4.25,0.0001
CCL-730,zebra,0.6404175438143797,3.4,0.0001
CCL-730,tiger,0.645108357391031,4.3,0.0001
CCL-730,elephant,0.5510461635914914,4.08,0.0001
CCL-730,bear,0.38515827645403,4.71,0.1429
CCL-730,kangaroo,0.5059716985480744,3.5,0.0001
CCL-730,dolphin,0.6042164199940416,3.67,0.0001
CCL-730,fish,0.5621760617893716,4.9,0.1429
CCL-730,zebra,0.5953484657734173,3.4,0.0001
CCL-730,fly,0.5238425939844857,4.75,0.0001
CCL-730,flea,0.5845504260422878,3.42,0.6667
CCL-730,tiger,0.540578210120462,4.3,0.0001
CCL-730,squirrel,0.6026056312242881,3.69,0.0001
CCL-730,possum,0.7452217842438659,2.94,0.0001
CCL-730,rat,0.6511686523755221,4.17,0.2
CCL-730,mouse,0.6719005679353358,4.31,0.3333
CCL-730,snake,0.7080832031197661,4.23,0.0001
CCL-730,bird,0.6537319350076601,4.63,0.0001
CCX-744,lion,0.0001,4.25,0.0001
CCX-744,tiger,0.7681389064993795,4.3,0.25
CCX-744,bear,0.30989879691025357,4.71,0.0001
CCX-744,zebra,0.4562698728459933,3.4,0.0001
CCX-744,elephant,0.680687320970493,4.08,0.1429
CCX-744,dolphin,0.6601686677990546,3.67,0.4286
CCX-744,whale,0.5859027707692489,3.98,0.1667
CCX-744,snake,0.6266148958728784,4.23,0.25
CCX-744,rabbit,0.7156565908514333,4.05,0.0001
CCX-744,lizard,0.6500829815904395,3.63,0.0001
CCX-744,spider,0.7190880298148952,4.25,0.0001
CCX-744,bat,0.37415499306895716,4.3,0.1111
CCX-744,possum,0.35845985228018096,2.94,0.0001
CCX-744,fox,0.6853637336897578,4.66,0.2
CCX-744,wolf,0.711026502277847,4.35,0.0001
CCX-744,rodents,0.30335918565722875,3.32,0.0001
CCX-744,deer,0.4972285256647454,4.12,0.0001
CCX-744,fish,0.583056443442066,4.9,0.1429
CDG-753,tiger,0.0001,4.3,0.0001
CDG-753,lion,0.7681389064993795,4.25,0.25
CDG-753,zebra,0.6404175438143797,3.4,0.0001
CDG-753,mammoth,0.6576050304437701,3.4,0.0001
CDG-753,elephant,0.5141737188301685,4.08,0.1429
CDG-753,narwhale,0.4861185415303252,0.0001,0.1429
CDG-753,hippopotamus,0.6108140895261024,2.56,0.0001
CDG-753,zebra,0.75677512265225,3.4,0.0001
CDG-753,bear,0.4562698728459933,4.71,0.0001
CDG-753,primate,0.3316922848334568,3.14,0.0001
CDG-753,sloth,0.39492430180295135,3.1,0.0001
CDG-753,fish,0.32456705406488995,4.9,0.0001
CDG-753,eel,0.6485376591204371,3.23,0.0001
CDG-753,fish,0.6485376591204371,4.9,0.0001
CDG-753,shark,0.7789630041906284,4.1,0.25
CDG-753,dolphin,0.6869940691724518,3.67,0.1667
CDG-753,whale,0.5859027707692489,3.98,0.1667
CDG-753,monkey,0.46873696543507926,4.07,0.0001
CDG-753,ape,0.5393918124454604,3.48,0.0001
CDG-753,gorilla,0.5548602933962089,3.62,0.0001
CDG-753,shrimp,0.4679020107403635,3.79,0.2
CDG-753,eagle,0.37248087654123985,4.13,0.0001
CDG-753,hawk,0.8004385412554964,3.81,0.0001
CDH-754,wolf,0.0001,4.35,0.0001
CDH-754,bear,0.4816668494827303,4.71,0.0001
CDH-754,fossil,0.313427170728356,3.99,0.1
CDH-754,dragon,0.357339288494014,4.41,0.2
CDH-754,pegasus,0.5854283946337138,3.15,0.1429
CDH-754,fossil,0.33880958216887636,3.99,0.5
CDH-754,monster,0.36285916986154754,4.49,0.1
CDH-754,turtle,0.4350491459897805,3.91,0.0001
CDH-754,fish,0.6506691533173528,4.9,0.0001
CDH-754,frog,0.5824562950298219,3.89,0.1429
CDH-754,turtle,0.7285392773758412,3.91,0.0001
CDH-754,tortoise,0.5394595128274601,3.26,0.5
CDH-754,rodents,0.4765026972661184,3.32,0.0001
CDM-759,dog,0.0001,5.1,0.0001
CDM-759,cat,0.8628857048123819,4.78,0.0001
CDM-759,elephant,0.515277956813455,4.08,0.1429
CDM-759,squirrel,0.6327909507094179,3.69,0.1429
CDM-759,lion,0.5528900764188034,4.25,0.1667
CDM-759,lioness,0.6057595738932621,2.75,0.6667
CDM-759,fish,0.35334857185057467,4.9,0.1429
CDM-759,deer,0.583056443442066,4.12,0.1429
CDM-759,rabbit,0.5106638939679675,4.05,0.0001
CDM-759,squirrel,0.7089916217190787,3.69,0.1667
CDM-759,mouse,0.6849012338404299,4.31,0.0001
CDM-759,bird,0.7615815702793896,4.63,0.0001
CDM-759,cow,0.46521132076820226,4.14,0.0001
CDM-759,lizard,0.42633099508038397,3.63,0.0001
CDM-759,porcupine,0.4782865154032032,2.88,0.1111
CDM-759,foal,0.47642676965787634,2.83,0.0001
CDM-759,bluebird,0.5515695528284921,2.91,0.0001
CDM-759,hippopotamus,0.47883688875844443,2.56,0.0001
CDM-759,zebra,0.75677512265225,3.4,0.0001
CDR-764,zebra,0.0001,3.4,0.0001
CDR-764,primate,0.3500855010421895,3.14,0.125
CDR-764,monkey,0.12413576058516673,4.07,0.125
CDR-764,elephant,0.5927320795329062,4.08,0.0001
CDR-764,bird,0.5484746094368289,4.63,0.0001
CDR-764,eagle,0.7641377187098998,4.13,0.0001
CDR-764,jaguar,0.640523279020581,3.51,0.1667
CDR-764,leopard,0.7064506661409862,3.59,0.0001
CDR-764,frog,0.39756120415299245,3.89,0.0001
CDR-764,toad,0.7259410895064536,3.34,0.0001
CDR-764,stork,0.5987619524334626,2.88,0.0001
CDR-764,lion,0.48518187235708454,4.25,0.125
CDR-764,mouse,0.6292929985232463,4.31,0.0001
CDR-764,bat,0.4882862213191035,4.3,0.3333
CDR-764,fish,0.32240343961087314,4.9,0.1429
CDR-764,ape,0.5044158503336457,3.48,0.0001
CDR-764,shrimp,0.44308771640537525,3.79,0.2
CDR-764,rhinoceros,0.7311610198975658,2.85,0.2
CDU-767,cat,0.0001,4.78,0.0001
CDU-767,dog,0.8628857048123819,5.1,0.0001
CDU-767,fish,0.5216253513515097,4.9,0.0001
CDU-767,tiger,0.6343326028191836,4.3,0.0001
CDU-767,lion,0.7681389064993795,4.25,0.25
CDU-767,rabbit,0.504580697024934,4.05,0.2
CDU-767,possum,0.8135232137994306,2.94,0.2
CDU-767,deer,0.5155563950038551,4.12,0.0001
CDU-767,mammoth,0.5959697465778369,3.4,0.0001
CDU-767,whale,0.5504251202232016,3.98,0.0001
CDU-767,shark,0.7643223081820133,4.1,0.0001
CDU-767,bird,0.5521272622531294,4.63,0.0001
CDU-767,penguin,0.3112289266624533,3.78,0.0001
CDU-767,wolf,0.23464326250105993,4.35,0.0001
CDU-767,badger,0.5194353193900215,3.48,0.0001
CDU-767,fish,0.4472485258445149,4.9,0.1429
CDU-767,baboon,0.41298948354039466,2.73,0.1429
CDU-767,gorilla,0.8027531521938218,3.62,0.0001
CDU-767,ape,0.5548602933962089,3.48,0.0001
SFZ-149,monkey,0.0001,4.07,0.0001
SFZ-149,elephant,0.5927320795329062,4.08,0.0001
SFZ-149,zebra,0.680687320970493,3.4,0.1429
SFZ-149,bird,0.5383923376437907,4.63,0.0001
SFZ-149,parrot,0.6977802673028312,3.49,0.0001
SFZ-149,hippopotamus,0.5038219423081345,2.56,0.0001
SFZ-149,eagle,0.5968430642813275,4.13,0.0001
SFZ-149,turtle,0.40767538191710084,3.91,0.4
SFZ-149,tiger,0.47797248784443025,4.3,0.2
SFZ-149,lion,0.7681389064993795,4.25,0.25
SFZ-149,leopard,0.6790797775441532,3.59,0.0001
SFZ-149,donkey,0.5379046816895481,3.62,0.0001
SFZ-149,horse,0.6391597414384069,4.76,0.0001
SFZ-149,fish,0.27089388894248256,4.9,0.1429
SFZ-149,cow,0.44530657483707003,4.14,0.0001
SFZ-149,gorilla,0.3918252332320209,3.62,0.0001
SFZ-149,snake,0.563149331496628,4.23,0.0001
SFZ-149,spider,0.6377204663938915,4.25,0.1111
SFZ-149,alligator,0.6441282969283133,3.32,0.0001
SGO-159,dog,0.0001,5.1,0.0001
SGO-159,cat,0.8628857048123819,4.78,0.0001
SGO-159,ferret,0.543845522169537,3.01,0.2
SGO-159,mouse,0.4639662557429274,4.31,0.1667
SGO-159,bird,0.7615815702793896,4.63,0.0001
SGO-159,parrot,0.6977802673028312,3.49,0.0001
SGO-159,elephant,0.49167939524465887,4.08,0.0001
SGO-159,zebra,0.680687320970493,3.4,0.1429
SGO-159,rhinoceros,0.6377206564292577,2.85,0.0001
SGO-159,snake,0.732321540013875,4.23,0.0001
SGO-159,gorilla,0.563149331496628,3.62,0.0001
SGO-159,ape,0.5548602933962089,3.48,0.0001
SGO-159,monkey,0.5393918124454604,4.07,0.0001
SGO-159,squirrel,0.7037926874131198,3.69,0.0001
SGO-159,woodchuck,0.6689220738027508,2.3,0.0001
SGO-159,possum,0.7015091798446021,2.94,0.125
SGO-159,deer,0.5155563950038551,4.12,0.0001
SGO-159,turkey,0.21490942650415312,4.56,0.0001
SGO-159,coyote,0.30168516380130583,3.36,0.2
SGO-159,moose,0.5345275310876956,3.61,0.0001
SGO-159,bug,0.6324028067622413,4.2,0.0001
SGO-159,leopard,0.5685938070485562,3.59,0.0001
SGO-159,lion,0.6790797775441532,4.25,0.0001
SGO-159,leopard,0.6790797775441532,3.59,0.0001
SGO-159,cow,0.5110159596988464,4.14,0.0001
SGO-159,horse,0.7144051594165327,4.76,0.0001
SGO-159,pig,0.5737210558748866,4.14,0.0001
SGO-159,hog,0.6854725231827823,3.57,0.3333
SGO-159,turkey,0.4150882252448792,4.56,0.0001
SGO-159,rooster,0.6208740442329789,3.31,0.0001
SGO-159,chicken,0.5722194589526469,4.63,0.0001
SGO-159,turtle,0.529893800100613,3.91,0.2
SGO-159,fish,0.6506691533173528,4.9,0.0001
SGO-159,scorpion,0.49643537735792487,3.37,0.125
SIU-211,frog,0.0001,3.89,0.0001
SIU-211,lizard,0.5197563933795599,3.63,0.1667
SIU-211,snake,0.6989081019589145,4.23,0.0001
SIU-211,lion,0.7056069477871593,4.25,0.0001
SIU-211,tiger,0.7681389064993795,4.3,0.25
SIU-211,monkey,0.7005668500595651,4.07,0.0001
SIU-211,bird,0.6425335909074515,4.63,0.0001
SIU-211,lizard,0.5150362504160364,3.63,0.0001
SIU-211,deer,0.49016262103367436,4.12,0.0001
SIU-211,bear,0.35297071354355625,4.71,0.0001
SIU-211,squirrel,0.425530922025404,3.69,0.1667
SIU-211,chipmunk,0.7828666784187034,2.74,0.0001
SIU-211,skunk,0.7492864749802051,3.1,0.4286
SIU-211,fish,0.44983346633039334,4.9,0.0001
SIU-211,dog,0.5216253513515097,5.1,0.0001
SIU-211,insect,0.5047424517163359,3.76,0.2857
SIU-211,spider,0.5521042256722168,4.25,0.0001
SIU-211,fly,0.42662155637608057,4.75,0.1111
SIU-211,ant,0.44529208100003626,3.86,0.0001
SIU-211,zebra,0.7326574090306689,3.4,0.0001
SIU-211,elephant,0.680687320970493,4.08,0.1429
SIU-211,penguin,0.4592058846445537,3.78,0.2857
SIU-211,hippopotamus,0.5359875261070598,2.56,0.0001
SIZ-390,cat,0.0001,4.78,0.0001
SIZ-390,dog,0.8628857048123819,5.1,0.0001
SIZ-390,moose,0.6506390986817484,3.61,0.0001
SIZ-390,cow,0.5627445344213553,4.14,0.0001
SIZ-390,kangaroo,0.5538478528349018,3.5,0.1667
SIZ-390,tiger,0.7131893071677617,4.3,0.3333
SIZ-390,lion,0.7681389064993795,4.25,0.25
SIZ-390,tiger,0.7681389064993795,4.3,0.25
SIZ-390,elephant,0.5510461635914914,4.08,0.0001
SIZ-390,hippopotamus,0.6600329721380637,2.56,0.0001
SIZ-390,rhinoceros,0.7172632827180554,2.85,0.0001
SIZ-390,narwhale,0.4306905690927175,0.0001,0.1667
SIZ-390,zebra,0.6863940411909356,3.4,0.0001
SIZ-390,whale,0.6390065093636059,3.98,0.0001
SIZ-390,bird,0.4534569784503353,4.63,0.0001
SIZ-390,shrimp,0.5069666979015703,3.79,0.0001
SIZ-390,monkey,0.5497965313673017,4.07,0.0001
SKE-234,lion,0.0001,4.25,0.0001
SKE-234,leopard,0.6790797775441532,3.59,0.0001
SKE-234,rhinoceros,0.49781016143405044,2.85,0.0001
SKE-234,zebra,0.6377206564292577,3.4,0.0001
SKE-234,gorilla,0.6426667838704623,3.62,0.2
SKE-234,monkey,0.575975015896018,4.07,0.0001
SKE-234,penguin,0.3329941995853478,3.78,0.1429
SKE-234,polar,0.5678815124945602,3.96,0.1429
SKE-234,seal,0.3528479553155499,4.3,0.25
SKE-234,killer,0.5074423617949377,4.47,0.25
SKE-234,dolphin,0.6202208637814879,3.67,0.1667
SKE-234,shark,0.6869940691724518,4.1,0.1667
SKE-234,wolf,0.4952496644878215,4.35,0.0001
SKE-234,coyote,0.6822708632783164,3.36,0.0001
SKE-234,squirrel,0.5992474930318765,3.69,0.1667
SKE-234,chipmunk,0.7828666784187034,2.74,0.0001
SKE-234,owl,0.5577521792646974,3.87,0.0001
SKE-234,eagle,0.6573719540990681,4.13,0.25
SKE-234,dog,0.5750295452677352,5.1,0.0001
SKE-234,cat,0.8628857048123819,4.78,0.0001
SKE-234,pig,0.6833907215446245,4.14,0.0001
SKE-234,horse,0.5737210558748866,4.76,0.0001
SKE-234,cow,0.7144051594165327,4.14,0.0001
SKE-234,chicken,0.6174006090793362,4.63,0.2
SKE-234,rooster,0.5722194589526469,3.31,0.0001
SKE-234,duck,0.7134504137137364,4.21,0.0001
SKE-234,sheep,0.5628869584290618,4.19,0.0001
SMK-401,dog,0.0001,5.1,0.0001
SMK-401,cat,0.8628857048123819,4.78,0.0001
SMK-401,zebra,0.598202683120394,3.4,0.25
SMK-401,monkey,0.5164223599390717,4.07,0.0001
SMK-401,dolphin,0.5131811423039752,3.67,0.0001
SMK-401,fish,0.5621760617893716,4.9,0.0001
SMK-401,goldfish,0.7049731268537882,3.28,0.0001
SMK-401,shark,0.6531250994888782,4.1,0.0001
SMK-401,deer,0.5769245278346159,4.12,0.25
SMK-401,buck,0.43100153465876945,4.01,0.0001
SMK-401,squirrel,0.48452532101817625,3.69,0.0001
SMK-401,possum,0.7452217842438659,2.94,0.0001
SMK-401,beaver,0.5734292357174817,3.61,0.0001
SMK-401,bird,0.539291262989329,4.63,0.25
SMK-401,eagle,0.7641377187098998,4.13,0.0001
SMK-401,tiger,0.5998169732396197,4.3,0.0001
SMK-401,leopard,0.6295601271632968,3.59,0.0001
SMK-401,lion,0.6790797775441532,4.25,0.0001
SMK-401,elephant,0.7044682582263694,4.08,0.4286
SMK-401,skunk,0.5536741617586777,3.1,0.0001
SMK-401,moose,0.7925182799560726,3.61,0.0001
SMK-401,goose,0.5091174652411037,3.84,0.6667
SMK-401,turkey,0.559647064345644,4.56,0.0001
SNI-300,dolphin,0.0001,3.67,0.0001
SNI-300,killer,0.6202208637814879,4.47,0.1667
SNI-300,whale,0.6856627581835969,3.98,0.25
SNI-300,shark,0.7643223081820133,4.1,0.0001
SNI-300,fish,0.7789630041906284,4.9,0.1667
SNI-300,penguin,0.471747683866345,3.78,0.0001
SNI-300,zebra,0.6338071228797416,3.4,0.0001
SNI-300,elephant,0.680687320970493,4.08,0.1429
SNI-300,alligator,0.5831175628265481,3.32,0.2857
SNI-300,lizard,0.7268456623288725,3.63,0.0001
SNI-300,lynx,0.647850582007252,3.06,0.0001
SNI-300,tiger,0.6404808798944024,4.3,0.0001
SNI-300,leopard,0.6295601271632968,3.59,0.0001
SNI-300,jaguar,0.7064506661409862,3.51,0.0001
SNI-300,dog,0.6422213177797585,5.1,0.1667
SNI-300,cat,0.8628857048123819,4.78,0.0001
SNI-300,parrot,0.6631563533332047,3.49,0.2857
SNI-300,horse,0.3054306233646614,4.76,0.0001
SNR-308,panther,0.0001,3.65,0.0001
SNR-308,tiger,0.72025888279098,4.3,0.2
SNR-308,lynx,0.6404808798944024,3.06,0.0001
SNR-308,dog,0.7355145575798226,5.1,0.0001
SNR-308,shepherd,0.5698588263653026,3.9,0.0001
SNR-308,pigeon,0.5552854858899335,3.61,0.0001
SNR-308,falcon,0.7503977763568868,3.74,0.3333
SNR-308,eagle,0.654446547001561,4.13,0.1667
SNR-308,fox,0.6139131922080976,4.66,0.0001
SNR-308,wolf,0.711026502277847,4.35,0.0001
SNR-308,bear,0.4816668494827303,4.71,0.0001
SNR-308,buffalo,0.2937855429136068,4.14,0.0001
SNR-308,foal,0.47013371300215323,2.83,0.3333
SNR-308,polar,0.2709764644741781,3.96,0.5
SNR-308,penguin,0.5678815124945602,3.78,0.1429
SNR-308,kitten,0.28791571210708644,3.64,0.2857
SNT-310,penguin,0.0001,3.78,0.0001
SNT-310,elephant,0.4592058846445537,4.08,0.2857
SNT-310,zebra,0.680687320970493,3.4,0.1429
SNT-310,stork,0.40898841382980844,2.88,0.0001
SNT-310,frog,0.652910254984106,3.89,0.25
SNT-310,dog,0.5518258629496458,5.1,0.1667
SNT-310,cat,0.8628857048123819,4.78,0.0001
SNT-310,bird,0.6751700864891439,4.63,0.0001
SNT-310,pigeon,0.678512062276855,3.61,0.0001
SNT-310,gull,0.5510484882388487,3.0,0.0001
SNT-310,pig,0.489865765952469,4.14,0.2
SNT-310,cow,0.7754488486757537,4.14,0.0001
SNT-310,horse,0.7144051594165327,4.76,0.0001
SNT-310,possum,0.4355417459141251,2.94,0.0001
SNT-310,squirrel,0.7452217842438659,3.69,0.0001
SNT-310,mouse,0.6849012338404299,4.31,0.0001
SNT-310,skunk,0.6773266063184431,3.1,0.0001
SNT-310,possum,0.8358386181654831,2.94,0.0001
SNT-310,fox,0.6853637336897578,4.66,0.2
SNT-310,bear,0.4371968748993953,4.71,0.0001
SNT-310,lion,0.4696568655214064,4.25,0.0001
SNT-310,tiger,0.7681389064993795,4.3,0.25
SNT-310,panther,0.72025888279098,3.65,0.2
SNT-310,cougar,0.5443177996470047,3.38,0.2
SNT-310,moose,0.6878796164793215,3.61,0.25
SNT-310,caribou,0.74689049001478,2.97,0.0001
SNT-310,deer,0.7080052205278514,4.12,0.1667
SNV-312,cat,0.0001,4.78,0.0001
SNV-312,dog,0.8628857048123819,5.1,0.0001
SNV-312,fish,0.5216253513515097,4.9,0.1667
SNV-312,turtle,0.6506691533173528,3.91,0.0001
SNV-312,bird,0.5970055742298972,4.63,0.2
SNV-312,alligator,0.7206462221263863,3.32,0.0001
SNV-312,tiger,0.665950853762572,4.3,0.2857
SNV-312,lion,0.7681389064993795,4.25,0.25
SNV-312,monkey,0.553775806254437,4.07,0.0001
SNV-312,zebra,0.5164223599390717,3.4,0.0001
SNV-312,elephant,0.680687320970493,4.08,0.1429
SNV-312,snake,0.6301417547393656,4.23,0.0001
SNV-312,frog,0.6452327938295611,3.89,0.0001
SNV-312,worm,0.5273859445967225,3.77,0.0001
SNV-312,bear,0.45758385211589614,4.71,0.0001
SNV-312,wolf,0.4816668494827303,4.35,0.0001
SNV-312,kangaroo,0.6466949327018564,3.5,0.0001
SNV-312,jellyfish,0.31891226078336143,3.25,0.1429
SNY-315,deer,0.0001,4.12,0.0001
SNY-315,possum,0.5155563950038551,2.94,0.0001
SNY-315,squirrel,0.7452217842438659,3.69,0.0001
SNY-315,possum,0.7452217842438659,2.94,0.0001
SNY-315,dog,0.5547125493937586,5.1,0.0001
SNY-315,cat,0.8628857048123819,4.78,0.0001
SNY-315,rabbit,0.7131738898244472,4.05,0.4
SNY-315,zebra,0.5171698692151908,3.4,0.0001
SNY-315,tiger,0.645108357391031,4.3,0.0001
SNY-315,lion,0.7681389064993795,4.25,0.25
SNY-315,leopard,0.6790797775441532,3.59,0.0001
SNY-315,antelope,0.552719664531597,3.08,0.2857
SNY-315,cougar,0.5916771436770547,3.38,0.0001
SNY-315,bear,0.5008612768992216,4.71,0.0001
SNY-315,polar,0.30594708780634994,3.96,0.2
SNY-315,wolf,0.3197823292196129,4.35,0.25
SNY-315,sheep,0.5950757282223759,4.19,0.0001
SNY-315,goat,0.6439075247344902,4.02,0.0001
SNY-315,cow,0.7265640563586404,4.14,0.0001
SNY-315,horse,0.7144051594165327,4.76,0.0001
SOA-317,lion,0.0001,4.25,0.0001
SOA-317,tiger,0.7681389064993795,4.3,0.25
SOA-317,zebra,0.645108357391031,3.4,0.0001
SOA-317,monkey,0.5164223599390717,4.07,0.0001
SOA-317,parrot,0.7102100083889007,3.49,0.1429
SOA-317,goat,0.4758354366809998,4.02,0.0001
SOE-320,chicken,0.0001,4.63,0.0001
SOE-320,goat,0.6584911399887818,4.02,0.0001
SOE-320,rhinoceros,0.6468611591179959,2.85,0.0001
SOE-320,cow,0.6318003644933327,4.14,0.0001
SOE-320,horse,0.7144051594165327,4.76,0.0001
SOE-320,cat,0.3436327611584684,4.78,0.0001
SOE-320,dog,0.8628857048123819,5.1,0.0001
SOE-320,elephant,0.6962219676262801,4.08,0.1429
SOE-320,zebra,0.680687320970493,3.4,0.1429
SOE-320,lion,0.6404175438143797,4.25,0.0001
SOE-320,bird,0.5982440523188578,4.63,0.0001
SOE-320,bear,0.3793199670413254,4.71,0.2
SOE-320,polar,0.30594708780634994,3.96,0.2
SOQ-329,ant,0.0001,3.86,0.0001
SOQ-329,sloth,0.5151833997081252,3.1,0.5
SOQ-329,zebra,0.49660493247461324,3.4,0.0001
SOQ-329,elephant,0.680687320970493,4.08,0.1429
SOQ-329,lion,0.7044682582263694,4.25,0.4286
SOQ-329,tiger,0.7681389064993795,4.3,0.25
SOQ-329,dog,0.6963213212121123,5.1,0.0001
SOQ-329,cat,0.8628857048123819,4.78,0.0001
SOQ-329,fish,0.6330656576107478,4.9,0.0001
SOQ-329,monkey,0.544253072443848,4.07,0.0001
SOQ-329,hippopotamus,0.6017373271329696,2.56,0.0001
SOQ-329,rhinoceros,0.7172632827180554,2.85,0.0001
SOQ-329,ape,0.5247876412554089,3.48,0.0001
SOQ-329,shark,0.4664109166704875,4.1,0.0001
SOQ-329,dolphin,0.6869940691724518,3.67,0.1667
SOQ-329,seal,0.3642265307462178,4.3,0.1667
SOQ-329,polar,0.3528479553155499,3.96,0.25
SOQ-329,bear,0.30594708780634994,4.71,0.2
SOQ-329,bird,0.3793199670413254,4.63,0.2
SOQ-329,crane,0.5681538963554419,3.92,0.0001
SOQ-329,swan,0.2953920195813964,3.84,0.25
SOQ-329,pigeon,0.44555170522905463,3.61,0.2
SOQ-329,insect,0.49889825507990926,3.76,0.1
SOX-335,tiger,0.0001,4.3,0.0001
SOX-335,lion,0.7681389064993795,4.25,0.25
SOX-335,elephant,0.7044682582263694,4.08,0.4286
SOX-335,stallion,0.6624280383980976,3.24,0.1429
SOX-335,dolphin,0.717388316530194,3.67,0.4286
SOX-335,crayfish,0.6072297900949357,2.85,0.1667
SOX-335,penguin,0.5007660913023894,3.78,0.0001
SOX-335,monkey,0.3329941995853478,4.07,0.1429
SOX-335,shark,0.49849024676461295,4.1,0.2
SOX-335,whale,0.7643223081820133,3.98,0.0001
SOX-335,triggerfish,0.626378922193826,1.64,0.0001
SPA-338,frog,0.0001,3.89,0.0001
SPA-338,horse,0.3462540087658025,4.76,0.0001
SPA-338,tiger,0.34513289282418147,4.3,0.0001
SPA-338,lion,0.7681389064993795,4.25,0.25
SPA-338,fish,0.5653334368629681,4.9,0.0001
SPA-338,stallion,0.47395254948678467,3.24,0.1429
SPA-338,hippopotamus,0.7251135269704758,2.56,0.0001
SPA-338,dolphin,0.7278367685222723,3.67,0.0001
SPA-338,shark,0.6869940691724518,4.1,0.1667
SPA-338,fish,0.7789630041906284,4.9,0.1667
SPA-338,zebra,0.5953484657734173,3.4,0.0001
SPA-338,gazelle,0.6579829213355146,2.87,0.0001
SPA-338,tiger,0.46208907342392846,4.3,0.0001
SPA-338,alligator,0.665950853762572,3.32,0.2857
SPA-338,crocodile,0.7408621547818114,3.49,0.0001
SPA-338,zebra,0.5903464991128956,3.4,0.0001
SPA-338,elephant,0.680687320970493,4.08,0.1429
SPC-340,dog,0.0001,5.1,0.0001
SPC-340,cat,0.8628857048123819,4.78,0.0001
SPC-340,chicken,0.6109038393474309,4.63,0.2
SPC-340,rooster,0.5722194589526469,3.31,0.0001
SPC-340,pig,0.7506228137963159,4.14,0.0001
SPC-340,bird,0.5265119268327751,4.63,0.0001
SPC-340,horse,0.2705517324055837,4.76,0.0001
SPC-340,cow,0.7144051594165327,4.14,0.0001
SPC-340,zebra,0.499235347657631,3.4,0.0001
SPC-340,leopard,0.7016286277700367,3.59,0.0001
SPC-340,bear,0.404889708049895,4.71,0.0001
SPC-340,walrus,0.46144767435959255,2.98,0.1667
SPC-340,seal,0.7030155998622597,4.3,0.1667
SPC-340,dolphin,0.3642265307462178,3.67,0.1667
SPC-340,zebra,0.6360747079687079,3.4,0.1667
SPC-340,elephant,0.680687320970493,4.08,0.1429
SPC-340,monkey,0.5927320795329062,4.07,0.0001
SPC-340,spider,0.5572382803967345,4.25,0.0001
SPC-340,snake,0.6377204663938915,4.23,0.1111
SPH-344,elephant,0.0001,4.08,0.0001
SPH-344,zebra,0.680687320970493,3.4,0.1429
SPH-344,bird,0.5383923376437907,4.63,0.0001
SPH-344,dog,0.5653152713702759,5.1,0.0001
SPH-344,cat,0.8628857048123819,4.78,0.0001
SPH-344,fish,0.6330656576107478,4.9,0.0001
SPH-344,lion,0.5653334368629681,4.25,0.0001
SPH-344,tiger,0.7681389064993795,4.3,0.25
SPH-344,deer,0.538074262142442,4.12,0.0001
SPH-344,hippopotamus,0.6770506532144154,2.56,0.25
SPL-436,horse,0.0001,4.76,0.0001
SPL-436,wolf,0.5821416764234293,4.35,0.0001
SPL-436,dog,0.7355752224023244,5.1,0.1667
SPL-436,cow,0.6809996966148849,4.14,0.0001
SPL-436,hyena,0.3956068361256395,2.8,0.0001
SPL-436,lion,0.6105810141987551,4.25,0.2
SPL-436,tiger,0.7681389064993795,4.3,0.25
SPL-436,bear,0.30989879691025357,4.71,0.0001
SPL-436,leopard,0.404889708049895,3.59,0.0001
SPL-436,walrus,0.6406178496082029,2.98,0.1667
SPL-436,seal,0.7030155998622597,4.3,0.1667
SPL-436,polar,0.3528479553155499,3.96,0.25
SPL-436,porcupine,0.40179641445842695,2.88,0.1111
SPL-436,horse,0.33939375845804753,4.76,0.2222
SPL-436,bull,0.6156548840358685,4.34,0.0001
SPL-436,oxen,0.49083470640030535,2.9,0.0001
SPV-450,dog,0.0001,5.1,0.0001
SPV-450,cat,0.8628857048123819,4.78,0.0001
SPV-450,bird,0.6751700864891439,4.63,0.0001
SPV-450,pig,0.5265119268327751,4.14,0.0001
SPV-450,elephant,0.5691148417364407,4.08,0.0001
SPV-450,zebra,0.680687320970493,3.4,0.1429
SPV-450,alligator,0.6256030579633994,3.32,0.0001
SPV-450,snake,0.6897223271873661,4.23,0.0001
SPV-450,frog,0.6452327938295611,3.89,0.0001
SPV-450,fish,0.5824562950298219,4.9,0.0001
SPV-450,woodchuck,0.42810249496029806,2.3,0.0001
SPV-450,boar,0.5598494839990197,3.3,0.0001
SPV-450,lion,0.8300342218066021,4.25,0.0001
SPV-450,tiger,0.7681389064993795,4.3,0.25
SPV-450,wolf,0.6838323983160725,4.35,0.0001
SPV-450,coyote,0.6822708632783164,3.36,0.0001
SPV-450,chicken,0.3789061779170084,4.63,0.0001
SPV-450,rooster,0.5722194589526469,3.31,0.0001
SPV-450,bunny,0.7257030883609292,3.88,0.0001
SPX-452,cat,0.0001,4.78,0.0001
SPX-452,dog,0.8628857048123819,5.1,0.0001
SPX-452,dolphin,0.5877268255846843,3.67,0.0001
SPX-452,shark,0.6869940691724518,4.1,0.1667
SPX-452,alligator,0.7354736006545667,3.32,0.0001
SPX-452,crocodile,0.7408621547818114,3.49,0.0001
SPX-452,bird,0.6178720109931024,4.63,0.125
SPX-452,bear,0.3793199670413254,4.71,0.2
SPX-452,coyote,0.4312029971995971,3.36,0.0001
SPX-452,wolf,0.6822708632783164,4.35,0.0001
SPX-452,fish,0.38202730821409236,4.9,0.0001
SPX-452,snail,0.6460271050342931,3.67,0.1667
SPX-452,foal,0.6249667026534366,2.83,0.25
SPX-452,bear,0.6015455523332653,4.71,0.0001
SPX-452,grizzly,0.5358134808781309,3.28,0.0001
SPX-452,hyena,0.7423816994842525,2.8,0.0001
SPX-452,snake,0.6402599256023763,4.23,0.0001
SPX-452,frog,0.6452327938295611,3.89,0.0001
SPX-452,toad,0.7259410895064536,3.34,0.0001
SPX-452,lion,0.7048095738944646,4.25,0.0001
SPX-452,leopard,0.6790797775441532,3.59,0.0001
SRF-483,lion,0.0001,4.25,0.0001
SRF-483,bear,0.4696568655214064,4.71,0.0833
SRF-483,lion,0.4696568655214064,4.25,0.0833
SRF-483,cat,0.6376705357921858,4.78,0.25
SRF-483,dog,0.8628857048123819,5.1,0.0001
SRF-483,lizard,0.5676608749566058,3.63,0.0001
SRF-483,bird,0.5150362504160364,4.63,0.0001
SRF-483,falcon,0.6585845940835138,3.74,0.0001
SRF-483,pelican,0.7272314315608638,3.07,0.5714
SRF-483,boar,0.5842181950370906,3.3,0.0001
SRF-483,pig,0.6208786734271406,4.14,0.1429
SRF-483,horse,0.5737210558748866,4.76,0.0001
SRF-483,chicken,0.31050748361906044,4.63,0.0001
SRF-483,hog,0.5023065082351295,3.57,0.0001
SRF-483,lion,0.4728015523734159,4.25,0.0001
SRF-483,duck,0.5423258291215803,4.21,0.0833
SRR-498,dog,0.0001,5.1,0.0001
SRR-498,cat,0.8628857048123819,4.78,0.0001
SRR-498,horse,0.3436327611584684,4.76,0.0001
SRR-498,turtle,0.24913979438767664,3.91,0.0001
SRR-498,ape,0.43271716839873786,3.48,0.0001
SRR-498,monkey,0.5393918124454604,4.07,0.0001
SRR-498,pony,0.3835756871994074,3.81,0.2
SRR-498,tiger,0.3366778002791395,4.3,0.0001
SRR-498,shark,0.5974254787396762,4.1,0.0001
SRR-498,lizard,0.5450217210011101,3.63,0.1667
SRR-498,ant,0.521027392461019,3.86,0.1667
SRR-498,worm,0.5652194146499412,3.77,0.0001
SRR-498,bird,0.5008266109569693,4.63,0.3333
SRR-498,bear,0.3793199670413254,4.71,0.2
SRR-498,goat,0.5380018543142598,4.02,0.0001
SRR-498,deer,0.5246643263028219,4.12,0.0001
SRR-498,lion,0.6644040020223636,4.25,0.0001
SSG-520,lion,0.0001,4.25,0.0001
SSG-520,tiger,0.7681389064993795,4.3,0.0833
SSG-520,stork,0.4842996082527957,2.88,0.125
SSG-520,monkey,0.4893674096055136,4.07,0.25
SSG-520,whale,0.46873696543507926,3.98,0.0001
SSG-520,fish,0.7262201316996268,4.9,0.0001
SSG-520,shark,0.7789630041906284,4.1,0.1667
SSG-520,panther,0.5380518810411198,3.65,0.0001
SSG-520,cat,0.6338457951948674,4.78,0.2
SSG-520,dog,0.8628857048123819,5.1,0.0001
SSG-520,snake,0.695214559293947,4.23,0.0001
SSG-520,turtle,0.6577824345826482,3.91,0.0001
SSG-520,crab,0.5917533293764086,3.76,0.0001
SSG-520,jellyfish,0.5416659298840791,3.25,0.2
SSZ-539,pig,0.0001,4.14,0.0001
SSZ-539,cow,0.7754488486757537,4.14,0.0001
SSZ-539,horse,0.7144051594165327,4.76,0.0001
SSZ-539,cat,0.3436327611584684,4.78,0.0001
SSZ-539,fish,0.6330656576107478,4.9,0.0001
SSZ-539,dog,0.5216253513515097,5.1,0.0001
SSZ-539,monkey,0.6876917554091692,4.07,0.0001
SSZ-539,alligator,0.6933156817395748,3.32,0.0001
SSZ-539,monkey,0.6933156817395748,4.07,0.0001
SSZ-539,hippopotamus,0.6017373271329696,2.56,0.0001
SSZ-539,dolphin,0.7278367685222723,3.67,0.0001
SSZ-539,shark,0.6869940691724518,4.1,0.1667
SSZ-539,fish,0.7789630041906284,4.9,0.0001
SUG-544,dog,0.0001,5.1,0.0001
SUG-544,cat,0.8628857048123819,4.78,0.0001
SUG-544,pig,0.6833907215446245,4.14,0.0001
SUG-544,cow,0.7754488486757537,4.14,0.0001
SUG-544,chicken,0.6174006090793362,4.63,0.2
SUG-544,elephant,0.3215951328308907,4.08,0.2857
SUG-544,monkey,0.5927320795329062,4.07,0.0001
SUG-544,fish,0.544253072443848,4.9,0.0001
SUG-544,zebra,0.5953484657734173,3.4,0.0001
SUG-544,dolphin,0.6360747079687079,3.67,0.1667
SUG-544,zebra,0.6360747079687079,3.4,0.1667
SUG-544,shark,0.6360733661169051,4.1,0.0001
SUG-544,turtle,0.6072292752796076,3.91,0.0001
SUG-544,cow,0.4860338353005922,4.14,0.0001
SUT-556,elephant,0.0001,4.08,0.0001
SUT-556,zebra,0.680687320970493,3.4,0.1429
SUT-556,turtle,0.4344924881587573,3.91,0.0001
SUT-556,zebra,0.4344924881587573,3.4,0.0001
SUT-556,monkey,0.5164223599390717,4.07,0.0001
SUT-556,dog,0.6876917554091692,5.1,0.0001
SUT-556,cat,0.8628857048123819,4.78,0.0001
SUT-556,lizard,0.5371468257898924,3.63,0.0001
SUT-556,fossil,0.40874861675031937,3.99,0.0001
SUT-556,bear,0.313427170728356,4.71,0.1429
SUT-556,dragon,0.42728173670275105,4.41,0.1667
SUT-556,horse,0.42124523755202326,4.76,0.0001
SUT-556,pig,0.5737210558748866,4.14,0.0001
SUT-556,cow,0.7754488486757537,4.14,0.0001
SUT-556,bird,0.46521132076820226,4.63,0.0001
SUV-558,lion,0.0001,4.25,0.0001
SUV-558,zebra,0.6404175438143797,3.4,0.0001
SUV-558,leopard,0.7016286277700367,3.59,0.0001
SUV-558,elephant,0.6205289856589515,4.08,0.1429
SUV-558,zebra,0.680687320970493,3.4,0.1429
SUV-558,snake,0.7106100654252625,4.23,0.0001
SUV-558,monkey,0.7371139740631304,4.07,0.2
SUV-558,gorilla,0.575975015896018,3.62,0.0001
SUV-558,zebra,0.6426667838704623,3.4,0.2
SUV-558,tiger,0.645108357391031,4.3,0.0001
SUV-558,cub,0.5379700458586094,3.49,0.0001
SUV-558,ant,0.6871059973684753,3.86,0.0001
SUV-558,dragon,0.5101146170373223,4.41,0.1667
SUV-558,zebra,0.5925089826276186,3.4,0.1667
SUV-558,horse,0.537519691400082,4.76,0.0001
SUV-558,cow,0.7144051594165327,4.14,0.0001
SUV-558,sheep,0.7422741568618488,4.19,0.0001
SUV-558,chicken,0.5013223540428925,4.63,0.0001
SVA-563,rhinoceros,0.0001,2.85,0.0001
SVA-563,primate,0.07336360139347442,3.14,0.125
SVA-563,shrimp,0.1524286029962093,3.79,0.125
SVA-563,chipmunk,0.611738655134876,2.74,0.1429
SVA-563,zebra,0.4865103528228154,3.4,0.0001
SVA-563,gorilla,0.6426667838704623,3.62,0.2
SVA-563,dog,0.6083314375745431,5.1,0.0001
SVA-563,cat,0.8628857048123819,4.78,0.0001
SVA-563,mouse,0.7187751907214064,4.31,0.3333
SVA-563,fish,0.5251195495848197,4.9,0.0001
SVA-563,frog,0.5824562950298219,3.89,0.0001
SVA-563,snake,0.6452327938295611,4.23,0.0001
SVA-563,caterpillar,0.4341795554099024,3.38,0.0001
SVA-563,zebra,0.2614688824293916,3.4,0.0001
SVA-563,rhinoceros,0.6377206564292577,2.85,0.0001
SVA-563,buffalo,0.5410913565962564,4.14,0.1667
SVA-563,horse,0.5872770710125047,4.76,0.0001
SVA-563,antelope,0.5470936244740446,3.08,0.0909
SVA-563,deer,0.7600411475078961,4.12,0.1818
SVA-563,sheep,0.7680616547781371,4.19,0.0001
SVH-570,dog,0.0001,5.1,0.0001
SVH-570,cat,0.8628857048123819,4.78,0.0001
SVH-570,rabbit,0.7131738898244472,4.05,0.4
SVH-570,mouse,0.8048340489707291,4.31,0.3333
SVH-570,guinea,0.4325735778017403,4.06,0.0001
SVH-570,penguin,0.4421225063237244,3.78,0.1429
SVH-570,zebra,0.6338071228797416,3.4,0.0001
SVH-570,jaguar,0.7797885547759342,3.51,0.1667
SVH-570,lion,0.7249245423516938,4.25,0.0001
SVH-570,leopard,0.6790797775441532,3.59,0.0001
SVH-570,rodents,0.4827088353647825,3.32,0.0001
SVH-570,gorilla,0.5099348144512507,3.62,0.0001
SVH-570,elephant,0.5247463587267565,4.08,0.1429
SVH-570,tiger,0.5510461635914914,4.3,0.0001
SVY-587,tiger,0.0001,4.3,0.0001
SVY-587,zebra,0.645108357391031,3.4,0.0001
SVY-587,penguin,0.6338071228797416,3.78,0.0001
SVY-587,bear,0.1752435312344277,4.71,0.2857
SVY-587,alligator,0.43020402485348963,3.32,0.0001
SVY-587,dog,0.6629557981843097,5.1,0.1429
SVY-587,cat,0.8628857048123819,4.78,0.0001
SVY-587,lizard,0.5371468257898924,3.63,0.0001
SVY-587,crab,0.5944236945522449,3.76,0.0001
SVY-587,jellyfish,0.5416659298840791,3.25,0.1429
SVY-587,turtle,0.4576129237761807,3.91,0.2857
SVY-587,bird,0.5970055742298972,4.63,0.2
SVY-587,chick,0.5461201852965152,4.08,0.0001
SVY-587,hen,0.6870216384189025,3.56,0.0001
SVY-587,rooster,0.6831759390266143,3.31,0.0001
SVY-587,crow,0.7078658594411035,3.8,0.0001
SZA-781,cat,0.0001,4.78,0.0001
SZA-781,dog,0.8628857048123819,5.1,0.0001
SZA-781,pig,0.7181036874972738,4.14,0.0001
SZA-781,cow,0.7754488486757537,4.14,0.0001
SZA-781,chicken,0.6174006090793362,4.63,0.2
SZA-781,rooster,0.5722194589526469,3.31,0.0001
SZA-781,frog,0.7318866815872528,3.89,0.0001
SZA-781,snake,0.6452327938295611,4.23,0.0001
SZA-781,lizard,0.6989081019589145,3.63,0.0001
SZA-781,badger,0.5064153313097652,3.48,0.0001
SZA-781,bulldog,0.5320188556716365,3.38,0.1667
SZA-781,puppy,0.7610276641957261,4.0,0.0001
SZA-781,kitten,0.7412911435338299,3.64,0.0001
SZA-781,goose,0.7067247526937642,3.84,0.0001
SZA-781,duck,0.7076147205496789,4.21,0.0001
SZA-781,wolf,0.5351725999745169,4.35,0.0001
