SID,entry
CAF-657,lizard
CAF-657,cat
CAF-657,hawk
CAF-657,dog
CAF-657,turtle
CAF-657,jellyfish
CAF-657,bear
CAF-657,ant
CAF-657,mosquito
CAF-657,frog
CAF-657,tadpole
CAF-657,fish
CAF-657,shark
CAF-657,dolphin
CAF-657,gorilla
CAF-657,monkey
CAF-657,fly
CAF-657,eagle
CAF-657,toad
CAF-657,rat
CAF-657,mouse
CAF-657,gerbil
CAF-657,groundhog
CAF-657,fox
CAF-657,raccoon
CAF-657,deer
CAF-657,squirrel
CAF-657,rabbit
CAF-657,bluejay
CAJ-663,peacock
CAJ-663,giraffe
CAJ-663,elephant
CAJ-663,zebra
CAJ-663,horse
CAJ-663,cat
CAJ-663,dog
CAJ-663,iguana
CAJ-663,turtle
CAJ-663,dolphin
CAJ-663,penguin
CAJ-663,buffalo
CAJ-663,kangaroo
CAJ-663,goose
CAJ-663,duck
CAJ-663,swan
CAJ-663,monkey
CAJ-663,chimp
CAJ-663,lion
CAJ-663,tiger
CAM-666,cat
CAM-666,dog
CAM-666,iguana
CAM-666,wombat
CAM-666,goat
CAM-666,platypus
CAM-666,bear
CAM-666,firefly
CAM-666,fly
CAM-666,ant
CAM-666,bird
CAM-666,eagle
CAM-666,moose
CAM-666,deer
CAM-666,mouse
CAM-666,duck
CAM-666,crow
CAM-666,frog
CAM-666,tadpole
CAM-666,caterpillar
CAM-666,butterfly
CAM-666,moth
CAM-666,gorilla
CAM-666,monkey
CAM-666,horse
CAN-667,cat
CAN-667,lion
CAN-667,tiger
CAN-667,dog
CAN-667,hamster
CAN-667,gerbil
CAN-667,sheep
CAN-667,horse
CAN-667,pig
CAN-667,goat
CAN-667,pony
CAN-667,peacock
CAN-667,bird
CAN-667,lion
CAN-667,lamb
CAN-667,elephant
CAN-667,chicken
CAN-667,rooster
CAP-671,giraffe
CAP-671,elephant
CAP-671,lion
CAP-671,hippo
CAP-671,bat
CAP-671,fish
CAP-671,shark
CAP-671,turtle
CAP-671,snake
CAP-671,dolphin
CAP-671,whale
CAP-671,chicken
CAP-671,cow
CAP-671,horse
CAP-671,butterfly
CAP-671,bear
CAP-671,deer
CAP-671,tiger
CAP-671,flamingo
CAQ-672,alligator
CAQ-672,octopus
CAQ-672,ostrich
CAQ-672,peacock
CAQ-672,bear
CAQ-672,tiger
CAQ-672,lion
CAQ-672,gorilla
CAQ-672,monkey
CAQ-672,dog
CAQ-672,cat
CAQ-672,hyena
CAQ-672,snake
CAQ-672,fish
CAQ-672,bird
CAQ-672,rabbit
CAQ-672,dolphin
CAQ-672,squirrel
CAQ-672,guinea
CAQ-672,mouse
CAQ-672,lizard
CAQ-672,iguana
CAQ-672,crocodile
CAR-673,elephant
CAR-673,giraffe
CAR-673,tiger
CAR-673,lion
CAR-673,cheetah
CAR-673,dog
CAR-673,cat
CAR-673,mouse
CAR-673,rat
CAR-673,ostrich
CAR-673,parakeet
CAR-673,fish
CAR-673,gerbil
CAR-673,hamster
CAR-673,guinea
CAR-673,capybara
CAR-673,zebra
CAR-673,horse
CAR-673,tiger
CAR-673,emu
CAR-673,elk
CAR-673,deer
CAR-673,antelope
CAS-674,cat
CAS-674,dog
CAS-674,fish
CAS-674,shark
CAS-674,dolphin
CAS-674,shrimp
CAS-674,crab
CAS-674,lobster
CAS-674,iguana
CAS-674,bear
CAS-674,lion
CAS-674,tiger
CAS-674,eagle
CAS-674,falcon
CAS-674,raven
CAS-674,lizard
CAS-674,gecko
CAS-674,alligator
CAS-674,crocodile
CAS-674,mammoth
CAS-674,kangaroo
CAU-667,shark
CAU-667,stingray
CAU-667,angelfish
CAU-667,clownfish
CAU-667,seahorse
CAU-667,seadragon
CAU-667,penguin
CAU-667,polar
CAU-667,dolphin
CAU-667,sealion
CAU-667,seal
CAU-667,tiger
CAU-667,panda
CAU-667,mule
CAU-667,deer
CAU-667,bat
CAU-667,koala
CAU-667,bear
CAU-667,bear
CAU-667,lemur
CAU-667,ring_tailed
CAU-667,lemur
CAU-667,lion
CAU-667,elephant
CAU-667,kangaroo
CAU-667,wallaby
CAU-667,emu
CAU-667,ostrich
CAU-667,rhino
CAU-667,hippo
CAU-667,stork
CAU-667,guinea
CAU-667,fowl
CAU-667,zebra
CAU-667,kudu
CAU-667,cow
CAU-667,horse
CAU-667,pig
CAU-667,sheep
CAU-667,donkey
CAU-667,ox
CAV-678,dog
CAV-678,cat
CAV-678,bird
CAV-678,elephant
CAV-678,kangaroo
CAV-678,cheetah
CAV-678,lion
CAV-678,tiger
CAV-678,bear
CAV-678,iguana
CAV-678,kangaroo
CAV-678,pelican
CAV-678,penguin
CAV-678,polar
CAV-678,grizzly
CAV-678,moose
CAV-678,turtle
CAV-678,flamingo
CAV-678,rhino
CAV-678,toucan
CAV-678,parakeet
CAV-678,alligator
CAV-678,crocodile
CAV-678,zebra
CAV-678,horse
CAV-678,rooster
CAV-678,chicken
CAV-678,pony
CAY-681,penguin
CAY-681,snake
CAY-681,elephant
CAY-681,giraffe
CAY-681,dog
CAY-681,cat
CAY-681,gorilla
CAY-681,chimp
CAY-681,ape
CAY-681,insect
CAY-681,butterfly
CAY-681,ladybug
CAY-681,beetle
CAY-681,beetle
CAY-681,worm
CAY-681,ant
CAY-681,ant
CAY-681,lizard
CAY-681,anteater
CAY-681,human
CAY-681,robin
CAY-681,cardinal
CAY-681,bluejay
CBD-686,lion
CBD-686,tiger
CBD-686,monkey
CBD-686,baboon
CBD-686,giraffe
CBD-686,elephant
CBD-686,buffalo
CBD-686,polar
CBD-686,bear
CBD-686,grizzly
CBD-686,duck
CBD-686,crocodile
CBD-686,alligator
CBD-686,crocodile
CBD-686,girdle
CBD-686,panda
CBD-686,sheep
CBD-686,goat
CBD-686,cow
CBD-686,pony
CBD-686,horse
CBF-691,dog
CBF-691,cat
CBF-691,fish
CBF-691,elephant
CBF-691,cheetah
CBF-691,tiger
CBF-691,lion
CBF-691,polar
CBF-691,turtle
CBF-691,penguin
CBF-691,giraffe
CBF-691,hamster
CBF-691,gerbil
CBF-691,squirrel
CBF-691,rabbit
CBF-691,coyote
CBF-691,deer
CBF-691,walrus
CBF-691,eel
CBH-693,dog
CBH-693,cat
CBH-693,fish
CBH-693,jellyfish
CBH-693,shark
CBH-693,kangaroo
CBH-693,camel
CBH-693,alligator
CBH-693,leopard
CBH-693,penguin
CBH-693,polar
CBH-693,bear
CBH-693,bear
CBH-693,antelope
CBH-693,anteater
CBH-693,lizard
CBH-693,flamingo
CBH-693,bird
CBH-693,peacock
CBH-693,monkey
CBH-693,chimp
CBH-693,lion
CBH-693,tiger
CBH-693,crocodile
CBJ-697,lion
CBJ-697,tiger
CBJ-697,flamingo
CBJ-697,monkey
CBJ-697,parrot
CBJ-697,ferret
CBJ-697,cat
CBJ-697,dog
CBJ-697,fish
CBJ-697,chimp
CBJ-697,squirrel
CBJ-697,zebra
CBJ-697,elephant
CBJ-697,jaguar
CBJ-697,cheetah
CBJ-697,rhino
CBJ-697,panda
CBJ-697,koala
CBJ-697,anteater
CBJ-697,beaver
CBJ-697,porcupine
CBJ-697,armadillo
CBJ-697,zebra
CBL-698,chihuahua
CBL-698,terrier
CBL-698,cat
CBL-698,dog
CBL-698,bird
CBL-698,parakeet
CBL-698,pelican
CBL-698,parrot
CBL-698,pelican
CBL-698,t_rex
CBL-698,koala
CBL-698,kangaroo
CBL-698,giraffe
CBL-698,elephant
CBL-698,tiger
CBL-698,zebra
CBL-698,lice
CBL-698,stickbug
CBL-698,stinkbug
CBL-698,beetle
CBM-702,tiger
CBM-702,dolphin
CBM-702,lion
CBM-702,penguin
CBM-702,flamingo
CBM-702,seagull
CBM-702,pigeon
CBM-702,woodpecker
CBM-702,iguana
CBM-702,snake
CBM-702,snail
CBM-702,not_snails
CBM-702,goldfish
CBM-702,clownfish
CBM-702,dog
CBM-702,cat
CBM-702,gerbil
CBM-702,snake
CBM-702,hamster
CBM-702,rabbit
CBM-702,reptile
CBM-702,polar
CBM-702,grizzly
CBM-702,bear
CBM-702,hedgehog
CBM-702,porcupine
CBM-702,dinosaur
CBP-707,cow
CBP-707,pig
CBP-707,dog
CBP-707,cat
CBP-707,fish
CBP-707,bird
CBP-707,horse
CBP-707,elephant
CBP-707,tiger
CBP-707,cheetah
CBP-707,penguin
CBP-707,fish
CBP-707,shark
CBP-707,dolphin
CBP-707,whale
CBP-707,ant
CBP-707,centipede
CBP-707,millipede
CBP-707,lizard
CBP-707,iguana
CBP-707,snake
CBP-707,mouse
CBP-707,rat
CBP-707,parrot
CBP-707,worm
CBP-707,elephant
CBP-707,monkey
CBP-707,gorilla
CBS-711,bear
CBS-711,tiger
CBS-711,rabbit
CBS-711,hamster
CBS-711,gerbil
CBS-711,bird
CBS-711,tiger
CBS-711,dolphin
CBS-711,seal
CBS-711,horse
CBS-711,kangaroo
CBS-711,cheetah
CBS-711,zebra
CBS-711,ostrich
CBS-711,rhino
CBS-711,hippo
CBS-711,whale
CBS-711,jaguar
CBS-711,dog
CBS-711,cat
CBS-711,monkey
CBS-711,alligator
CBS-711,crocodile
CBS-711,toucan
CBW-715,horse
CBW-715,puppy
CBW-715,dog
CBW-715,pig
CBW-715,donkey
CBW-715,mule
CBW-715,goose
CBW-715,duck
CBW-715,fish
CBW-715,cheetah
CBW-715,lion
CBW-715,leopard
CBW-715,jaguar
CBW-715,monkey
CBW-715,gorilla
CBW-715,ape
CBW-715,snake
CBW-715,bee
CCB-720,zebra
CCB-720,tiger
CCB-720,lizard
CCB-720,snake
CCB-720,koala
CCB-720,shark
CCB-720,fish
CCB-720,rainbow
CCB-720,bunny
CCB-720,dog
CCB-720,cat
CCB-720,hamster
CCB-720,gopher
CCB-720,leopard
CCC-721,dog
CCC-721,cat
CCC-721,lion
CCC-721,tiger
CCC-721,zebra
CCC-721,chicken
CCC-721,fish
CCC-721,giraffe
CCC-721,wolf
CCC-721,mouse
CCC-721,platypus
CCC-721,beaver
CCC-721,duck
CCC-721,goose
CCC-721,bird
CCD-722,dog
CCD-722,cat
CCD-722,horse
CCD-722,frog
CCD-722,butterfly
CCD-722,cricket
CCD-722,spider
CCD-722,giraffe
CCD-722,elephant
CCD-722,rhino
CCD-722,hippo
CCD-722,eagle
CCD-722,tiger
CCD-722,lion
CCD-722,bear
CCD-722,polar
CCD-722,dolphin
CCD-722,penguin
CCD-722,lizard
CCD-722,snake
CCD-722,tarantula
CCD-722,shark
CCD-722,lemur
CCD-722,sloth
CCD-722,zebra
CCD-722,wildebeest
CCD-722,deer
CCD-722,rabbit
CCD-722,kangaroo
CCF-724,giraffe
CCF-724,elephant
CCF-724,monkey
CCF-724,oscar
CCF-724,ostrich
CCF-724,fish
CCF-724,shark
CCF-724,whale
CCF-724,bird
CCF-724,hamster
CCF-724,rat
CCF-724,cat
CCF-724,dog
CCF-724,horse
CCF-724,pig
CCF-724,cow
CCF-724,chicken
CCF-724,seal
CCH-726,giraffe
CCH-726,hippo
CCH-726,elephant
CCH-726,donkey
CCH-726,horse
CCH-726,dog
CCH-726,cat
CCH-726,tarantula
CCH-726,fish
CCH-726,raccoon
CCH-726,deer
CCH-726,frog
CCH-726,snake
CCH-726,parrot
CCH-726,macaw
CCH-726,zebra
CCH-726,flamingo
CCH-726,duck
CCH-726,turtle
CCH-726,cheetah
CCH-726,jaguar
CCH-726,panther
CCH-726,lion
CCL-730,cat
CCL-730,dog
CCL-730,butterfly
CCL-730,bee
CCL-730,bee
CCL-730,lion
CCL-730,zebra
CCL-730,tiger
CCL-730,elephant
CCL-730,bear
CCL-730,kangaroo
CCL-730,dolphin
CCL-730,fish
CCL-730,zebra
CCL-730,fly
CCL-730,flea
CCL-730,tiger
CCL-730,squirrel
CCL-730,raccoon
CCL-730,possum
CCL-730,rat
CCL-730,mouse
CCL-730,snake
CCL-730,bird
CCX-744,lion
CCX-744,tiger
CCX-744,bear
CCX-744,giraffe
CCX-744,elephant
CCX-744,dolphin
CCX-744,whale
CCX-744,snake
CCX-744,rabbit
CCX-744,lizard
CCX-744,spider
CCX-744,bat
CCX-744,raccoon
CCX-744,fox
CCX-744,wolf
CCX-744,meerkat
CCX-744,deer
CCX-744,fish
CDG-753,tiger
CDG-753,lion
CDG-753,zebra
CDG-753,mammoth
CDG-753,elephant
CDG-753,manatee
CDG-753,hippo
CDG-753,giraffe
CDG-753,panda
CDG-753,lemur
CDG-753,sloth
CDG-753,fish
CDG-753,eel
CDG-753,barracuda
CDG-753,shark
CDG-753,dolphin
CDG-753,whale
CDG-753,monkey
CDG-753,ape
CDG-753,gorilla
CDG-753,chimp
CDG-753,eagle
CDG-753,eagle
CDG-753,hawk
CDH-754,wolf
CDH-754,bear
CDH-754,t_rex
CDH-754,dragon
CDH-754,pegasus
CDH-754,stegosaurus
CDH-754,triceratops
CDH-754,monster
CDH-754,turtle
CDH-754,piranha
CDH-754,frog
CDH-754,turtle
CDH-754,tortoise
CDH-754,meerkat
CDM-759,dog
CDM-759,cat
CDM-759,elephant
CDM-759,squirrel
CDM-759,lion
CDM-759,lioness
CDM-759,fish
CDM-759,deer
CDM-759,rabbit
CDM-759,squirrel
CDM-759,hamster
CDM-759,bird
CDM-759,cow
CDM-759,lizard
CDM-759,porcupine
CDM-759,koala
CDM-759,bluejay
CDM-759,hippo
CDM-759,giraffe
CDR-764,giraffe
CDR-764,orangutan
CDR-764,monkey
CDR-764,elephant
CDR-764,bird
CDR-764,eagle
CDR-764,jaguar
CDR-764,cheetah
CDR-764,frog
CDR-764,toad
CDR-764,flamingo
CDR-764,lion
CDR-764,mouse
CDR-764,bat
CDR-764,fish
CDR-764,ape
CDR-764,chimp
CDR-764,rhino
CDU-767,cat
CDU-767,dog
CDU-767,fish
CDU-767,tiger
CDU-767,lion
CDU-767,rabbit
CDU-767,raccoon
CDU-767,deer
CDU-767,mammoth
CDU-767,whale
CDU-767,shark
CDU-767,bird
CDU-767,penguin
CDU-767,wolf
CDU-767,badger
CDU-767,fish
CDU-767,baboon
CDU-767,gorilla
CDU-767,ape
SFZ-149,monkey
SFZ-149,elephant
SFZ-149,giraffe
SFZ-149,bird
SFZ-149,parrot
SFZ-149,pilgrim
SFZ-149,hippo
SFZ-149,eagle
SFZ-149,turtle
SFZ-149,tiger
SFZ-149,lion
SFZ-149,cheetah
SFZ-149,donkey
SFZ-149,horse
SFZ-149,fish
SFZ-149,cow
SFZ-149,gorilla
SFZ-149,snake
SFZ-149,spider
SFZ-149,alligator
SGO-159,dog
SGO-159,cat
SGO-159,ferret
SGO-159,hamster
SGO-159,mouse
SGO-159,bird
SGO-159,parrot
SGO-159,elephant
SGO-159,giraffe
SGO-159,rhino
SGO-159,snake
SGO-159,gorilla
SGO-159,ape
SGO-159,monkey
SGO-159,squirrel
SGO-159,groundhog
SGO-159,raccoon
SGO-159,possum
SGO-159,deer
SGO-159,turkey
SGO-159,coyote
SGO-159,moose
SGO-159,bug
SGO-159,leopard
SGO-159,lion
SGO-159,leopard
SGO-159,cow
SGO-159,horse
SGO-159,pig
SGO-159,hog
SGO-159,turkey
SGO-159,rooster
SGO-159,chicken
SGO-159,turtle
SGO-159,fish
SGO-159,scorpion
SIU-211,frog
SIU-211,lizard
SIU-211,snake
SIU-211,lion
SIU-211,tiger
SIU-211,monkey
SIU-211,bird
SIU-211,lizard
SIU-211,lizard
SIU-211,deer
SIU-211,bear
SIU-211,squirrel
SIU-211,chipmunk
SIU-211,skunk
SIU-211,fish
SIU-211,dog
SIU-211,waterbug
SIU-211,spider
SIU-211,fly
SIU-211,ant
SIU-211,giraffe
SIU-211,elephant
SIU-211,penguin
SIU-211,hippo
SIZ-390,cat
SIZ-390,dog
SIZ-390,moose
SIZ-390,cow
SIZ-390,kangaroo
SIZ-390,tiger
SIZ-390,lion
SIZ-390,tiger
SIZ-390,elephant
SIZ-390,hippo
SIZ-390,rhino
SIZ-390,manatee
SIZ-390,giraffe
SIZ-390,whale
SIZ-390,bird
SIZ-390,chimp
SIZ-390,monkey
SKE-234,lion
SKE-234,cheetah
SKE-234,rhino
SKE-234,zebra
SKE-234,giraffe
SKE-234,gorilla
SKE-234,monkey
SKE-234,penguin
SKE-234,polar
SKE-234,seal
SKE-234,killer
SKE-234,dolphin
SKE-234,shark
SKE-234,wolf
SKE-234,coyote
SKE-234,squirrel
SKE-234,chipmunk
SKE-234,owl
SKE-234,eagle
SKE-234,dog
SKE-234,cat
SKE-234,pig
SKE-234,horse
SKE-234,cow
SKE-234,chicken
SKE-234,rooster
SKE-234,duck
SKE-234,sheep
SMK-401,dog
SMK-401,cat
SMK-401,giraffe
SMK-401,monkey
SMK-401,dolphin
SMK-401,fish
SMK-401,goldfish
SMK-401,shark
SMK-401,deer
SMK-401,buck
SMK-401,squirrel
SMK-401,raccoon
SMK-401,beaver
SMK-401,bird
SMK-401,eagle
SMK-401,tiger
SMK-401,cheetah
SMK-401,lion
SMK-401,elephant
SMK-401,skunk
SMK-401,moose
SMK-401,goose
SMK-401,goose
SMK-401,turkey
SNI-300,dolphin
SNI-300,killer
SNI-300,whale
SNI-300,shark
SNI-300,seahorse
SNI-300,penguin
SNI-300,giraffe
SNI-300,elephant
SNI-300,alligator
SNI-300,lizard
SNI-300,bobcat
SNI-300,tiger
SNI-300,leopard
SNI-300,jaguar
SNI-300,dog
SNI-300,cat
SNI-300,parrot
SNI-300,horse
SNR-308,panther
SNR-308,tiger
SNR-308,bobcat
SNR-308,dog
SNR-308,shepherd
SNR-308,pigeon
SNR-308,falcon
SNR-308,eagle
SNR-308,fox
SNR-308,wolf
SNR-308,bear
SNR-308,buffalo
SNR-308,koala
SNR-308,polar
SNR-308,penguin
SNR-308,kitten
SNT-310,penguin
SNT-310,elephant
SNT-310,zebra
SNT-310,flamingo
SNT-310,frog
SNT-310,dog
SNT-310,cat
SNT-310,bird
SNT-310,pigeon
SNT-310,seagull
SNT-310,pig
SNT-310,cow
SNT-310,horse
SNT-310,armadillo
SNT-310,squirrel
SNT-310,mouse
SNT-310,skunk
SNT-310,raccoon
SNT-310,fox
SNT-310,bear
SNT-310,lion
SNT-310,tiger
SNT-310,panther
SNT-310,cougar
SNT-310,moose
SNT-310,caribou
SNT-310,deer
SNV-312,cat
SNV-312,dog
SNV-312,fish
SNV-312,turtle
SNV-312,bird
SNV-312,alligator
SNV-312,tiger
SNV-312,lion
SNV-312,monkey
SNV-312,giraffe
SNV-312,elephant
SNV-312,snake
SNV-312,frog
SNV-312,worm
SNV-312,bear
SNV-312,wolf
SNV-312,kangaroo
SNV-312,octopus
SNY-315,deer
SNY-315,raccoon
SNY-315,squirrel
SNY-315,possum
SNY-315,dog
SNY-315,cat
SNY-315,rabbit
SNY-315,zebra
SNY-315,tiger
SNY-315,lion
SNY-315,leopard
SNY-315,antelope
SNY-315,cougar
SNY-315,bear
SNY-315,polar
SNY-315,wolf
SNY-315,sheep
SNY-315,goat
SNY-315,cow
SNY-315,horse
SOA-317,lion
SOA-317,tiger
SOA-317,giraffe
SOA-317,zebra
SOA-317,monkey
SOA-317,parrot
SOA-317,goat
SOE-320,chicken
SOE-320,goat
SOE-320,rhino
SOE-320,cow
SOE-320,horse
SOE-320,cat
SOE-320,dog
SOE-320,elephant
SOE-320,zebra
SOE-320,lion
SOE-320,bird
SOE-320,panda
SOE-320,polar
SOQ-329,ant
SOQ-329,anteater
SOQ-329,giraffe
SOQ-329,elephant
SOQ-329,lion
SOQ-329,tiger
SOQ-329,dog
SOQ-329,cat
SOQ-329,fish
SOQ-329,monkey
SOQ-329,hippo
SOQ-329,rhino
SOQ-329,ape
SOQ-329,shark
SOQ-329,dolphin
SOQ-329,seal
SOQ-329,polar
SOQ-329,bear
SOQ-329,bird
SOQ-329,crane
SOQ-329,swan
SOQ-329,pigeon
SOQ-329,dragonfly
SOX-335,tiger
SOX-335,lion
SOX-335,elephant
SOX-335,sealion
SOX-335,dolphin
SOX-335,catfish
SOX-335,penguin
SOX-335,monkey
SOX-335,shark
SOX-335,whale
SOX-335,tigerfish
SPA-338,frog
SPA-338,horse
SPA-338,tiger
SPA-338,lion
SPA-338,seahorse
SPA-338,sealion
SPA-338,hippo
SPA-338,dolphin
SPA-338,shark
SPA-338,fish
SPA-338,zebra
SPA-338,gazelle
SPA-338,tiger
SPA-338,alligator
SPA-338,crocodile
SPA-338,giraffe
SPA-338,elephant
SPC-340,dog
SPC-340,cat
SPC-340,chicken
SPC-340,rooster
SPC-340,pig
SPC-340,bird
SPC-340,horse
SPC-340,cow
SPC-340,zebra
SPC-340,cheetah
SPC-340,leopard
SPC-340,bear
SPC-340,walrus
SPC-340,seal
SPC-340,dolphin
SPC-340,giraffe
SPC-340,elephant
SPC-340,monkey
SPC-340,spider
SPC-340,snake
SPH-344,elephant
SPH-344,zebra
SPH-344,bird
SPH-344,dog
SPH-344,cat
SPH-344,fish
SPH-344,lion
SPH-344,tiger
SPH-344,deer
SPH-344,hippo
SPL-436,horse
SPL-436,wolf
SPL-436,dog
SPL-436,cow
SPL-436,hyena
SPL-436,lion
SPL-436,tiger
SPL-436,bear
SPL-436,cheetah
SPL-436,walrus
SPL-436,seal
SPL-436,polar
SPL-436,porcupine
SPL-436,horse
SPL-436,bull
SPL-436,bull
SPL-436,oxen
SPV-450,dog
SPV-450,cat
SPV-450,bird
SPV-450,pig
SPV-450,elephant
SPV-450,giraffe
SPV-450,alligator
SPV-450,snake
SPV-450,frog
SPV-450,fish
SPV-450,groundhog
SPV-450,boar
SPV-450,lion
SPV-450,tiger
SPV-450,wolf
SPV-450,coyote
SPV-450,chicken
SPV-450,rooster
SPV-450,bunny
SPX-452,cat
SPX-452,dog
SPX-452,dolphin
SPX-452,shark
SPX-452,alligator
SPX-452,crocodile
SPX-452,bird
SPX-452,bear
SPX-452,coyote
SPX-452,wolf
SPX-452,fish
SPX-452,seahorse
SPX-452,snail
SPX-452,koala
SPX-452,panda
SPX-452,grizzly
SPX-452,hyena
SPX-452,snake
SPX-452,frog
SPX-452,toad
SPX-452,lion
SPX-452,leopard
SRF-483,lion
SRF-483,bear
SRF-483,lion
SRF-483,cat
SRF-483,dog
SRF-483,lizard
SRF-483,bird
SRF-483,falcon
SRF-483,pelican
SRF-483,warthog
SRF-483,pig
SRF-483,horse
SRF-483,chicken
SRF-483,hog
SRF-483,saber_tooth_cat
SRF-483,duck
SRR-498,dog
SRR-498,cat
SRR-498,horse
SRR-498,turtle
SRR-498,ape
SRR-498,monkey
SRR-498,pony
SRR-498,tiger
SRR-498,shark
SRR-498,lizard
SRR-498,gecko
SRR-498,ant
SRR-498,worm
SRR-498,bird
SRR-498,bear
SRR-498,goat
SRR-498,deer
SRR-498,lion
SSG-520,lion
SSG-520,tiger
SSG-520,flamingo
SSG-520,monkey
SSG-520,whale
SSG-520,fish
SSG-520,shark
SSG-520,panther
SSG-520,cat
SSG-520,dog
SSG-520,snake
SSG-520,turtle
SSG-520,turtle
SSG-520,crab
SSG-520,squid
SSG-520,octopus
SSZ-539,pig
SSZ-539,cow
SSZ-539,horse
SSZ-539,cat
SSZ-539,fish
SSZ-539,dog
SSZ-539,monkey
SSZ-539,alligator
SSZ-539,monkey
SSZ-539,hippo
SSZ-539,dolphin
SSZ-539,shark
SSZ-539,rainbow
SUG-544,dog
SUG-544,cat
SUG-544,pig
SUG-544,cow
SUG-544,chicken
SUG-544,elephant
SUG-544,monkey
SUG-544,fish
SUG-544,giraffe
SUG-544,dolphin
SUG-544,dolphin
SUG-544,zebra
SUG-544,shark
SUG-544,turtle
SUG-544,cow
SUT-556,elephant
SUT-556,giraffe
SUT-556,turtle
SUT-556,zebra
SUT-556,monkey
SUT-556,dog
SUT-556,cat
SUT-556,lizard
SUT-556,dinosaur
SUT-556,bear
SUT-556,dragon
SUT-556,horse
SUT-556,pig
SUT-556,cow
SUT-556,bird
SUV-558,lion
SUV-558,zebra
SUV-558,cheetah
SUV-558,leopard
SUV-558,elephant
SUV-558,zebra
SUV-558,snake
SUV-558,monkey
SUV-558,gorilla
SUV-558,giraffe
SUV-558,tiger
SUV-558,cub
SUV-558,ant
SUV-558,dragon
SUV-558,zebra
SUV-558,horse
SUV-558,cow
SUV-558,sheep
SUV-558,chicken
SVA-563,rhino
SVA-563,orangutan
SVA-563,chimp
SVA-563,chipmunk
SVA-563,giraffe
SVA-563,gorilla
SVA-563,gorilla
SVA-563,dog
SVA-563,cat
SVA-563,hamster
SVA-563,fish
SVA-563,frog
SVA-563,snake
SVA-563,caterpillar
SVA-563,giraffe
SVA-563,rhino
SVA-563,buffalo
SVA-563,horse
SVA-563,antelope
SVA-563,deer
SVA-563,sheep
SVH-570,dog
SVH-570,cat
SVH-570,rabbit
SVH-570,hamster
SVH-570,gerbil
SVH-570,guinea
SVH-570,penguin
SVH-570,giraffe
SVH-570,jaguar
SVH-570,lion
SVH-570,cheetah
SVH-570,prairie
SVH-570,gorilla
SVH-570,elephant
SVH-570,tiger
SVY-587,tiger
SVY-587,zebra
SVY-587,giraffe
SVY-587,penguin
SVY-587,panda
SVY-587,alligator
SVY-587,dog
SVY-587,cat
SVY-587,lizard
SVY-587,gecko
SVY-587,crab
SVY-587,octopus
SVY-587,jellyfish
SVY-587,turtle
SVY-587,bird
SVY-587,chick
SVY-587,hen
SVY-587,rooster
SVY-587,crow
SZA-781,cat
SZA-781,dog
SZA-781,pig
SZA-781,cow
SZA-781,chicken
SZA-781,rooster
SZA-781,frog
SZA-781,snake
SZA-781,lizard
SZA-781,iguana
SZA-781,badger
SZA-781,bulldog
SZA-781,puppy
SZA-781,kitten
SZA-781,goose
SZA-781,duck
SZA-781,wolf
