Fluency_Item,Speech2vec_Pairwise_Cosine_Similarity,Word2vec_Pairwise_Cosine_Similarity,Phonological_Scratch,Frequency_Value,Previous_Word_Frequency,Composite_Frequency,ID
pizza,2,2,0.0001,6.127115818,,,CAJ-663
popcorn,NA,NA,0.1667,5.70964726,6.127115818,34.98367004,CAJ-663
hotdogs,NA,NA,NA,,5.70964726,,CAJ-663
cheese,NA,NA,NA,6.784949697,,,CAJ-663
coffee,0.461013954,0.600949531,0.1429,7.112627989,6.784949697,48.25882312,CAJ-663
tea,0.781266438,0.793911919,0,7.046139975,7.112627989,50.1165724,CAJ-663
soda,0.571829687,0.568475634,0.2857,6.491606791,7.046139975,45.74077011,CAJ-663
water,0.60923051,0.620512273,0.1,8.128616304,6.491606791,52.7677808,CAJ-663
asparagus,0.481962478,0.515359002,0,5.834790618,8.128616304,47.42877415,CAJ-663
broccoli,NA,NA,0.1111,5.735691497,5.834790618,33.46655893,CAJ-663
cauliflower,NA,NA,0.25,5.61004341,5.735691497,32.17747828,CAJ-663
carrots,0.886409498,0.790685091,0.25,6.047191506,5.61004341,33.92500686,CAJ-663
salad,0.76742733,0.727130196,0.1667,6.493777206,6.047191506,39.26911436,CAJ-663
meatloaf,NA,NA,0,4.721761167,6.493777206,30.66206504,CAJ-663
chicken,NA,NA,0.2857,6.827585591,4.721761167,32.23822851,CAJ-663
hamburgers,NA,NA,NA,,6.827585591,,CAJ-663
grilledcheesesandwich,NA,NA,NA,,,,CAJ-663
lemonade,NA,NA,NA,5.675389685,,,CAJ-663
bananas,0.660362251,0.583864802,NA,,5.675389685,,CAJ-663
apples,0.695474227,0.643945363,NA,,,,CAJ-663
peaches,0.666926784,0.641010769,NA,,,,CAJ-663
corn,0.597473846,0.56652815,NA,7.059617749,,,CAJ-663
rice,0.580245406,0.642062242,0.0909,6.983482536,7.059617749,49.30071726,CAJ-663
pork,0.758724667,0.752740815,0.1,6.422526808,6.983482536,44.8516038,CAJ-663
strawberries,2,2,0.0001,5.930610323,,,CAM-666
blueberries,NA,NA,0.1,5.385221851,5.930610323,31.9376523,CAM-666
raspberries,NA,NA,0.1,5.497827736,5.385221851,29.60702206,CAM-666
apricots,0.84146442,0.752407867,0.2,5.495676132,5.497827736,30.21428067,CAM-666
bread,0.571406671,0.582426508,0.125,7.118235849,5.495676132,39.11951886,CAM-666
jam,0.536748517,0.491177925,0,6.225408279,7.118235849,44.31392439,CAM-666
butter,0.689471627,0.676940538,0,6.885433766,6.225408279,42.86463637,CAM-666
peanutbutter,NA,NA,0,5.676114469,6.885433766,39.08251022,CAM-666
toast,NA,NA,0.1,6.259869227,5.676114469,35.53173429,CAM-666
popcorn,NA,NA,0.3333,5.70964726,6.259869227,35.74164518,CAM-666
pizza,NA,NA,0.1667,6.127115818,5.70964726,34.98367004,CAM-666
burger,NA,NA,0,5.970327346,6.127115818,36.58088712,CAM-666
cheese,0.059232539,0.343397508,0,6.784949697,5.970327346,40.50837072,CAM-666
soda,0.486710273,0.612123945,0,6.491606791,6.784949697,44.04522553,CAM-666
water,0.60923051,0.620512273,0.1,8.128616304,6.491606791,52.7677808,CAM-666
milk,0.536399439,0.581365385,0.1,7.233255898,8.128616304,58.79636182,CAM-666
orangejuice,NA,NA,0,5.787305291,7.233255898,41.86106013,CAM-666
lemonjuice,NA,NA,NA,,5.787305291,,CAM-666
grapejuice,NA,NA,NA,,,,CAM-666
raspberryjuice,NA,NA,NA,,,,CAM-666
strawberryjuice,NA,NA,NA,,,,CAM-666
cucumbers,NA,NA,NA,,,,CAM-666
pickles,0.847381357,0.745645159,NA,,,,CAM-666
cranberryjucie,NA,NA,NA,,,,CAM-666
icecream,NA,NA,NA,6.274085076,,,CAM-666
chocolate,NA,NA,0.1667,6.569376251,6.274085076,41.2168255,CAM-666
vanilla,0.721637882,0.7671924,NA,,6.569376251,,CAM-666
cinnamon,0.907242564,0.832453426,NA,6.127657686,,,CAM-666
sugar,0.750603675,0.728042882,0.1,7.202112247,6.127657686,44.13207847,CAM-666
oregano,NA,NA,0,5.427374113,7.202112247,39.08855757,CAM-666
rosemary,NA,NA,0.25,6.049312627,5.427374113,32.83188275,CAM-666
grapes,2,2,0.0001,6.320292966,,,CAP-671
water,0.459608655,0.369458675,0,8.128616304,6.320292966,51.37523645,CAP-671
hamburger,NA,NA,0.2,5.787621977,8.128616304,47.04535836,CAP-671
chips,NA,NA,0,6.388607524,5.787621977,36.97484531,CAP-671
cookies,0.546986426,0.560838091,NA,,6.388607524,,CAP-671
carrot,0.601340144,0.682392449,NA,5.910082533,,,CAP-671
soda,0.6164507,0.566082244,0.1429,6.491606791,5.910082533,38.36593191,CAP-671
apple,0.42754948,0.43320294,0.2857,6.797844554,6.491606791,44.12893387,CAP-671
watermelon,0.455480242,0.475106922,0,5.539659369,6.797844554,37.65774327,CAP-671
pear,0.404569886,0.541187042,0,6.100306775,5.539659369,33.79362158,CAP-671
orange,0.453447259,0.519298219,0.1429,6.979244809,6.100306775,42.57553439,CAP-671
grapefruit,NA,NA,0,5.622690553,6.979244809,39.24213385,CAP-671
brocolli,NA,NA,NA,,5.622690553,,CAP-671
pepper,NA,NA,NA,6.692670611,,,CAP-671
tomato,0.761651032,0.810436335,0,6.328685541,6.692670611,42.35580773,CAP-671
juice,0.72494254,0.76805737,0,6.760199926,6.328685541,42.78317953,CAP-671
icecream,NA,NA,0.0833,6.274085076,6.760199926,42.41406947,CAP-671
pizza,NA,NA,0.0833,6.127115818,6.274085076,38.44204591,CAP-671
corn,NA,NA,0.0833,7.059617749,6.127115818,43.25509558,CAP-671
potatoes,0.609718048,0.68589006,0.1818,6.651055575,7.059617749,46.95390999,CAP-671
pizza,2,2,0.0001,6.127115818,,,CAS-674
gatorade,NA,NA,NA,,6.127115818,,CAS-674
burgers,NA,NA,NA,,,,CAS-674
water,NA,NA,NA,8.128616304,,,CAS-674
hotdogs,NA,NA,NA,,8.128616304,,CAS-674
proteinbar,NA,NA,NA,,,,CAS-674
chocolatemilk,NA,NA,NA,,,,CAS-674
whitemilk,NA,NA,NA,,,,CAS-674
skimmilk,NA,NA,NA,,,,CAS-674
fettuccini,NA,NA,NA,,,,CAS-674
spaghetti,NA,NA,NA,5.757392232,,,CAS-674
steak,NA,NA,0.1111,6.120825552,5.757392232,35.23999349,CAS-674
chewybar,NA,NA,NA,,6.120825552,,CAS-674
apple,NA,NA,NA,6.797844554,,,CAS-674
orange,0.461962694,0.61538483,0.2857,6.979244809,6.797844554,47.44382132,CAS-674
pear,0.453447259,0.519298219,0.1429,6.100306775,6.979244809,42.57553439,CAS-674
strawberries,0.665673935,0.660105526,0,5.930610323,6.100306775,36.17854233,CAS-674
grapes,0.733588799,0.715919823,0.1,6.320292966,5.930610323,37.48319471,CAS-674
salad,0.606813538,0.598427706,0,6.493777206,6.320292966,41.0425744,CAS-674
tomato,0.79752049,0.804447506,0,6.328685541,6.493777206,41.09707391,CAS-674
soda,0.728594273,0.713282761,0,6.491606791,6.328685541,41.08333804,CAS-674
cereal,NA,NA,0.1429,6.103664177,6.491606791,39.62258782,CAS-674
bagels,NA,NA,NA,,6.103664177,,CAS-674
rolls,NA,NA,NA,,,,CAS-674
waffles,NA,NA,NA,5.166240605,,,CAS-674
pancakes,NA,NA,0.1429,5.671386696,5.166240605,29.29974824,CAS-674
bacon,0.56757264,0.590140913,0,6.679321309,5.671386696,37.88101401,CAS-674
eggs,0.421534617,0.493982225,0.2222,6.99743418,6.679321309,46.73811123,CAS-674
sausage,0.558338617,0.515562348,0.1818,6.006213094,6.99743418,42.0280808,CAS-674
icecream,NA,NA,0.0833,6.274085076,6.006213094,37.68349194,CAS-674
lobster,NA,NA,0.0833,5.989108389,6.274085076,37.57617556,CAS-674
crab,0.677974283,0.634235257,0.125,6.158116322,5.989108389,36.88162612,CAS-674
apple,2,2,0.0001,6.797844554,,,CAV-678
orange,0.461962694,0.61538483,0.2857,6.979244809,6.797844554,47.44382132,CAV-678
water,0.248230679,0.268149156,0,8.128616304,6.979244809,56.73160314,CAV-678
beer,0.561338954,0.556528537,0.1,6.821224754,8.128616304,55.44711875,CAV-678
spaghetti,NA,NA,0,5.757392232,6.821224754,39.27246641,CAV-678
lasagna,NA,NA,0,5.158335348,5.757392232,29.69855986,CAV-678
chicken,NA,NA,0.2857,6.827585591,5.158335348,35.2189761,CAV-678
watermelon,0.378813071,0.487373594,0.2,5.539659369,6.827585591,37.82249849,CAV-678
orange,0.266005492,0.449289275,0,6.979244809,5.539659369,38.66263889,CAV-678
grapes,0.466412279,0.521650054,0.1111,6.320292966,6.979244809,44.11087187,CAV-678
steak,0.479362384,0.402072526,0,6.120825552,6.320292966,38.68541068,CAV-678
porkchops,NA,NA,0,5.1304367,6.120825552,31.40250805,CAV-678
ribs,NA,NA,0.1667,6.426640717,5.1304367,32.97147339,CAV-678
broccoli,NA,NA,0.1429,5.735691497,6.426640717,36.86122851,CAV-678
sauercraut,NA,NA,NA,,5.735691497,,CAV-678
hotdogs,NA,NA,NA,,,,CAV-678
lunchmeats,NA,NA,NA,,,,CAV-678
roastbeef,NA,NA,NA,5.373393876,,,CAV-678
porktenderloin,NA,NA,NA,,5.373393876,,CAV-678
icecream,NA,NA,NA,6.274085076,,,CAV-678
mountaindew,NA,NA,NA,,6.274085076,,CAV-678
drpepper,NA,NA,NA,,,,CAV-678
sprite,NA,NA,NA,,,,CAV-678
dietrite,NA,NA,NA,,,,CAV-678
rice,NA,NA,NA,6.983482536,,,CAV-678
noodles,0.789278158,0.690368839,0.2,5.753362409,6.983482536,40.17850591,CAV-678
apples,2,2,NA,,,,CAY-681
bananas,0.695474227,0.643945363,NA,,,,CAY-681
peaches,0.781814457,0.556645081,NA,,,,CAY-681
oranges,0.796872115,0.733509205,NA,,,,CAY-681
pizza,NA,NA,NA,6.127115818,,,CAY-681
hotwings,NA,NA,NA,,6.127115818,,CAY-681
frenchfries,NA,NA,NA,5.216754243,,,CAY-681
sourcream,NA,NA,0.1,5.633447245,5.216754243,29.38830982,CAY-681
potatoskins,NA,NA,NA,,5.633447245,,CAY-681
pepsi,NA,NA,NA,,,,CAY-681
drpepper,NA,NA,NA,,,,CAY-681
mountaindew,NA,NA,NA,,,,CAY-681
drpepper,NA,NA,NA,,,,CAY-681
sprite,NA,NA,NA,,,,CAY-681
sierramist,NA,NA,NA,,,,CAY-681
milk,NA,NA,NA,7.233255898,,,CAY-681
water,0.536399439,0.581365385,0.1,8.128616304,7.233255898,58.79636182,CAY-681
juice,0.572773499,0.571992629,0.1,6.760199926,8.128616304,54.95107134,CAY-681
applejuice,NA,NA,NA,,6.760199926,,CAY-681
cranberryjuice,NA,NA,NA,,,,CAY-681
grapejuice,NA,NA,NA,,,,CAY-681
cranapplejuice,NA,NA,NA,,,,CAY-681
v8juice,NA,NA,NA,,,,CAY-681
bread,NA,NA,NA,7.118235849,,,CAY-681
sandwiches,0.643699872,0.688613558,NA,,7.118235849,,CAY-681
bologna,0.24623912,0.295163891,NA,6.029367542,,,CAY-681
turkey,0.222705824,0.323642961,0.1667,6.767768346,6.029367542,40.8053628,CAY-681
chicken,0.467591972,0.487332534,0,6.827585591,6.767768346,46.20751764,CAY-681
beef,0.718540727,0.696664201,0,6.662562355,6.827585591,45.48921473,CAY-681
empanadas,NA,NA,NA,,6.662562355,,CAY-681
empanidas,NA,NA,NA,,,,CAY-681
quesadillas,NA,NA,NA,,,,CAY-681
tacos,NA,NA,NA,,,,CAY-681
burritos,NA,NA,NA,,,,CAY-681
waffles,NA,NA,NA,5.166240605,,,CAY-681
hashbrowns,NA,NA,0,3.296226287,5.166240605,17.02909809,CAY-681
poptarts,NA,NA,NA,,3.296226287,,CAY-681
granolabars,NA,NA,NA,,,,CAY-681
cereal,NA,NA,NA,6.103664177,,,CAY-681
chocolatesyrup,NA,NA,NA,,6.103664177,,CAY-681
pizza,2,2,0.0001,6.127115818,,,CBD-686
candy,NA,NA,0.1667,6.420693917,6.127115818,39.34033526,CBD-686
chocolate,0.565010951,0.663242558,0,6.569376251,6.420693917,42.17995413,CBD-686
kiwis,NA,NA,NA,,6.569376251,,CBD-686
strawberries,NA,NA,NA,5.930610323,,,CBD-686
marshmallows,NA,NA,NA,,5.930610323,,CBD-686
pop,NA,NA,NA,,,,CBD-686
pepsis,NA,NA,NA,,,,CBD-686
cocacola,NA,NA,NA,,,,CBD-686
m&ms,NA,NA,NA,,,,CBD-686
hersheys,NA,NA,NA,,,,CBD-686
chocolatecoveredmarshmallows,NA,NA,NA,,,,CBD-686
chocolatecoveredstrawberries,NA,NA,NA,,,,CBD-686
chocolatecoveredbrownies,NA,NA,NA,,,,CBD-686
cake,NA,NA,NA,6.647085024,,,CBD-686
chocolatecake,NA,NA,NA,,6.647085024,,CBD-686
marblecake,NA,NA,NA,,,,CBD-686
vanillacake,NA,NA,NA,,,,CBD-686
nastycake,NA,NA,NA,,,,CBD-686
cakethathassugaronit,NA,NA,NA,,,,CBD-686
salsberrysteak,NA,NA,NA,,,,CBD-686
chicken,2,2,0.0001,6.827585591,,,CBF-691
milk,0.518104044,0.534757993,0.4,7.233255898,6.827585591,49.38567375,CBF-691
lemon,0.587761309,0.635925719,0.1667,6.535672412,7.233255898,47.27419102,CBF-691
orange,0.485241873,0.595348805,0,6.979244809,6.535672412,45.61405775,CBF-691
cheese,0.426198125,0.489931825,0,6.784949697,6.979244809,47.35382495,CBF-691
orangejuice,NA,NA,0,5.787305291,6.784949697,39.26657528,CBF-691
grapejuice,NA,NA,NA,,5.787305291,,CBF-691
sprite,NA,NA,NA,,,,CBF-691
coke,0.090844837,0.183781531,NA,,,,CBF-691
pepsi,NA,NA,NA,,,,CBF-691
mountaindew,NA,NA,NA,,,,CBF-691
drpepper,NA,NA,NA,,,,CBF-691
gingerale,NA,NA,NA,,,,CBF-691
macaroni,NA,NA,NA,5.581387521,,,CBF-691
celery,0.792867683,0.64981601,0,6.039629032,5.581387521,33.70951011,CBF-691
carrots,0.90557549,0.779285444,0,6.047191506,6.039629032,36.52279338,CBF-691
broccoli,NA,NA,0.1429,5.735691497,6.047191506,34.6848249,CBF-691
tomatoes,NA,NA,NA,,5.735691497,,CBF-691
bread,0.527844693,0.663212669,NA,7.118235849,,,CBF-691
peppers,0.547874221,0.587671952,0.1429,5.955714682,7.118235849,42.39418176,CBF-691
onions,0.83337246,0.80994316,0.2857,6.284040709,5.955714682,37.42595351,CBF-691
bacon,0.626977873,0.629825727,0,6.679321309,6.284040709,41.97312701,CBF-691
eggs,0.421534617,0.493982225,0.2222,6.99743418,6.679321309,46.73811123,CBF-691
icing,0.699085489,0.464612551,NA,,6.99743418,,CBF-691
cake,0.726309683,0.516406508,NA,6.647085024,,,CBF-691
pie,0.700534556,0.732112723,0,6.528529646,6.647085024,43.39569164,CBF-691
cherries,0.505102106,0.601457758,0.125,5.857089344,6.528529646,38.23818142,CBF-691
grapes,0.644759942,0.746353504,0,6.320292966,5.857089344,37.01852058,CBF-691
bananas,0.694426532,0.582287005,NA,,6.320292966,,CBF-691
brusselsprouts,NA,NA,NA,,,,CBF-691
water,2,2,0.0001,8.128616304,,,CBH-693
apple,0.313721191,0.275865726,0,6.797844554,8.128616304,55.25707007,CBH-693
oranges,0.594204335,0.612843266,NA,,6.797844554,,CBH-693
soda,0.607993429,0.573805858,NA,6.491606791,,,CBH-693
grapes,0.460972331,0.482514785,0,6.320292966,6.491606791,41.02885674,CBH-693
granolabars,NA,NA,NA,,6.320292966,,CBH-693
candy,NA,NA,NA,6.420693917,,,CBH-693
hotpockets,NA,NA,NA,,6.420693917,,CBH-693
steak,NA,NA,NA,6.120825552,,,CBH-693
chicken,0.707202284,0.703843136,0,6.827585591,6.120825552,41.79046034,CBH-693
tacos,NA,NA,NA,,6.827585591,,CBH-693
fastfood,NA,NA,NA,,,,CBH-693
pomegranate,NA,NA,NA,5.427666216,,,CBH-693
grapefruits,NA,NA,NA,,5.427666216,,CBH-693
carrots,NA,NA,NA,6.047191506,,,CBH-693
broccoli,NA,NA,0.1429,5.735691497,6.047191506,34.6848249,CBH-693
icecream,NA,NA,0.0833,6.274085076,5.735691497,35.98621642,CBH-693
turkey,NA,NA,0.0833,6.767768346,6.274085076,42.46155438,CBH-693
ham,0.452910669,0.412502017,0,6.443616226,6.767768346,43.60890193,CBH-693
wraps,0.430903791,0.296649921,NA,,6.443616226,,CBH-693
lettuce,0.5834551,0.487953068,NA,6.061022496,,,CBH-693
tomatoes,0.853104052,0.801277983,NA,,6.061022496,,CBH-693
spinach,0.932182205,0.795620241,NA,5.993913031,,,CBH-693
applejuice,NA,NA,NA,,5.993913031,,CBH-693
orangejuice,NA,NA,NA,5.787305291,,,CBH-693
grapejuice,NA,NA,NA,,5.787305291,,CBH-693
jelly,NA,NA,NA,6.145127075,,,CBH-693
peanutbutter,NA,NA,0.1,5.676114469,6.145127075,34.8804447,CBH-693
bread,NA,NA,0.1,7.118235849,5.676114469,40.4039215,CBH-693
butter,0.650302821,0.721867927,0.25,6.885433766,7.118235849,49.01214147,CBH-693
gatorade,NA,NA,NA,,6.885433766,,CBH-693
powerade,NA,NA,NA,,,,CBH-693
hamburger,2,2,0.0001,5.787621977,,,CBJ-697
apple,NA,NA,0.125,6.797844554,5.787621977,39.34335454,CBJ-697
banana,0.583791383,0.586899807,0.1667,6.151067854,6.797844554,41.81400311,CBJ-697
orange,0.585148845,0.577328451,0.1429,6.979244809,6.151067854,42.92980839,CBJ-697
spaghetti,NA,NA,0.1429,5.757392232,6.979244809,40.18224985,CBJ-697
chicken,NA,NA,0,6.827585591,5.757392232,39.30908824,CBJ-697
milk,0.518104044,0.534757993,0.4,7.233255898,6.827585591,49.38567375,CBJ-697
soda,0.565116576,0.629341536,0,6.491606791,7.233255898,46.95545311,CBJ-697
lemonade,0.704055042,0.741979271,0.125,5.675389685,6.491606791,36.84239822,CBJ-697
icedtea,NA,NA,NA,,5.675389685,,CBJ-697
meat,NA,NA,NA,7.080839758,,,CBJ-697
eggs,0.593854301,0.520591342,0.3333,6.99743418,7.080839758,49.54771015,CBJ-697
sausage,0.558338617,0.515562348,0.1818,6.006213094,6.99743418,42.0280808,CBJ-697
salad,0.667655061,0.708230481,0.1818,6.493777206,6.006213094,39.00300968,CBJ-697
milk,0.602245444,0.634340046,0,7.233255898,6.493777206,46.97115228,CBJ-697
orangejuice,NA,NA,0,5.787305291,7.233255898,41.86106013,CBJ-697
bread,NA,NA,0,7.118235849,5.787305291,41.19540399,CBJ-697
candy,0.503156385,0.590264502,0.2,6.420693917,7.118235849,45.70401362,CBJ-697
ham,0.553985298,0.51572954,0.2,6.443616226,6.420693917,41.37248751,CBJ-697
fish,0.514945062,0.404294868,0.1,7.344814258,6.443616226,47.32716433,CBJ-697
chips,2,2,0.0001,6.388607524,,,CBL-698
soda,0.454055597,0.444325715,0,6.491606791,6.388607524,41.47232799,CBL-698
sprite,0.253738806,0.369270616,NA,,6.491606791,,CBL-698
coke,0.090844837,0.183781531,NA,,,,CBL-698
mashedpotatoes,NA,NA,NA,5.374530228,,,CBL-698
turkey,NA,NA,0.3333,6.767768346,5.374530228,36.37357555,CBL-698
gravy,0.447916477,0.432791241,0.1,5.780655685,6.767768346,39.12213856,CBL-698
beans,0.787791251,0.787160198,0.3,6.627013054,5.780655685,38.30848069,CBL-698
bacon,0.712211326,0.658191093,0.2,6.679321309,6.627013054,44.26394951,CBL-698
water,0.315392222,0.3863304,0,8.128616304,6.679321309,54.29364009,CBL-698
koolaid,NA,NA,NA,,8.128616304,,CBL-698
sugar,NA,NA,NA,7.202112247,,,CBL-698
salt,0.663159006,0.68668677,0.2143,7.265878259,7.202112247,52.32967079,CBL-698
pepper,0.773175904,0.781013268,0,6.692670611,7.265878259,48.62812989,CBL-698
chicken,0.620877346,0.705756658,0,6.827585591,6.692670611,45.69478143,CBL-698
chickensandwich,NA,NA,0.4167,4.307453248,6.827585591,29.40950573,CBL-698
pizza,NA,NA,0.0833,6.127115818,4.307453248,26.39226493,CBL-698
chickenpotpie,NA,NA,0.1667,3.572755465,6.127115818,21.89068652,CBL-698
cranberrysauce,NA,NA,0.1,4.686877477,3.572755465,16.74506712,CBL-698
baklava,NA,NA,0,4.324344199,4.686877477,20.26767143,CBL-698
donuts,NA,NA,NA,,4.324344199,,CBL-698
apples,2,2,NA,,,,CBM-702
pizza,NA,NA,NA,6.127115818,,,CBM-702
candy,NA,NA,0.1667,6.420693917,6.127115818,39.34033526,CBM-702
soda,0.371942495,0.531312296,0.1429,6.491606791,6.420693917,41.68062023,CBM-702
water,0.60923051,0.620512273,0.1,8.128616304,6.491606791,52.7677808,CBM-702
juice,0.572773499,0.571992629,0.1,6.760199926,8.128616304,54.95107134,CBM-702
cereal,NA,NA,0.25,6.103664177,6.760199926,41.26199012,CBM-702
granolabars,NA,NA,NA,,6.103664177,,CBM-702
sweets,NA,NA,NA,,,,CBM-702
chocolates,NA,NA,NA,,,,CBM-702
seasonings,NA,NA,NA,,,,CBM-702
meats,NA,NA,NA,,,,CBM-702
dairy,0.455430896,0.440734232,NA,6.448727802,,,CBM-702
veggie,NA,NA,NA,,6.448727802,,CBM-702
fruits,NA,NA,NA,6.843676566,,,CBM-702
apples,0.627730172,0.63311693,NA,,6.843676566,,CBM-702
bananas,0.695474227,0.643945363,NA,,,,CBM-702
greenpeppers,NA,NA,NA,4.952608422,,,CBM-702
onions,NA,NA,0.1,6.284040709,4.952608422,31.12239294,CBM-702
allfoods,NA,NA,NA,,6.284040709,,CBM-702
oatmeal,NA,NA,NA,5.723101689,,,CBM-702
greenbeans,NA,NA,0,5.379341783,5.723101689,30.78652004,CBM-702
corn,NA,NA,0.1818,7.059617749,5.379341783,37.97609673,CBM-702
veggies,NA,NA,NA,,7.059617749,,CBM-702
frenchtoast,NA,NA,NA,4.925064442,,,CBM-702
waffles,NA,NA,0,5.166240605,4.925064442,25.4440679,CBM-702
celery,NA,NA,0,6.039629032,5.166240605,31.20217674,CBM-702
onions,0.838932515,0.745337953,0,6.284040709,6.039629032,37.9532747,CBM-702
milk,0.533016057,0.575519775,0,7.233255898,6.284040709,45.45407452,CBM-702
cheese,0.631533279,0.687277605,0,6.784949697,7.233255898,49.07727741,CBM-702
hamburgers,2,2,NA,,,,CBP-707
pizza,NA,NA,NA,6.127115818,,,CBP-707
pickles,NA,NA,NA,,6.127115818,,CBP-707
cheese,0.651446641,0.648370526,NA,6.784949697,,,CBP-707
fries,NA,NA,0.1,5.818344021,6.784949697,39.4771715,CBP-707
water,NA,NA,0,8.128616304,5.818344021,47.29508607,CBP-707
koolaid,NA,NA,NA,,8.128616304,,CBP-707
tea,NA,NA,NA,7.046139975,,,CBP-707
cake,0.5578239,0.595676174,0.1667,6.647085024,7.046139975,46.8362915,CBP-707
apples,0.653402068,0.712568052,NA,,6.647085024,,CBP-707
bananas,0.695474227,0.643945363,NA,,,,CBP-707
oranges,0.771022547,0.635575393,NA,,,,CBP-707
eggplant,NA,NA,NA,5.601664603,,,CBP-707
cheesestick,NA,NA,0.1818,3.028164419,5.601664603,16.96276144,CBP-707
burrito,NA,NA,0.1429,4.824145367,3.028164419,14.60830535,CBP-707
quesadilla,NA,NA,0,4.143888758,4.824145367,19.99072175,CBP-707
beef,NA,NA,0,6.662562355,4.143888758,27.60891724,CBP-707
ham,0.717212924,0.671578795,0,6.443616226,6.662562355,42.9309949,CBP-707
turkey,0.452910669,0.412502017,0,6.767768346,6.443616226,43.60890193,CBP-707
macaroniandcheese,NA,NA,0,4.774633735,6.767768346,32.31361506,CBP-707
mashedpotatoes,NA,NA,0.1111,5.374530228,4.774633735,25.66141334,CBP-707
bakedpotato,NA,NA,0.1,4.887110703,5.374530228,26.2659242,CBP-707
peas,NA,NA,0.2,6.246395411,4.887110703,30.52682587,CBP-707
carrots,0.808242838,0.746777345,0.1667,6.047191506,6.246395411,37.77314927,CBP-707
corn,0.641763067,0.651382003,0.2727,7.059617749,6.047191506,42.69086049,CBP-707
chicken,0.463284905,0.487055823,0.0909,6.827585591,7.059617749,48.20014442,CBP-707
biscuits,0.652874471,0.61526211,NA,,6.827585591,,CBP-707
orangejuice,NA,NA,NA,5.787305291,,,CBP-707
applejuice,NA,NA,NA,,5.787305291,,CBP-707
pepsi,NA,NA,NA,,,,CBP-707
coke,NA,NA,NA,,,,CBP-707
sprite,0.090844837,0.183781531,NA,,,,CBP-707
pizza,2,2,0.0001,6.127115818,,,CBS-711
hamburgers,NA,NA,NA,,6.127115818,,CBS-711
water,NA,NA,NA,8.128616304,,,CBS-711
pop,0.321267091,0.243861252,NA,,8.128616304,,CBS-711
cheeseburger,NA,NA,NA,4.830966988,,,CBS-711
soup,NA,NA,0.1,6.6137261,4.830966988,31.95069246,CBS-711
coke,0.408138028,0.396242794,NA,,6.6137261,,CBS-711
fanta,NA,NA,NA,,,,CBS-711
chickennuggetsoup,NA,NA,NA,,,,CBS-711
water,NA,NA,NA,8.128616304,,,CBS-711
grapejuice,NA,NA,NA,,8.128616304,,CBS-711
peanutbutterandjelly,NA,NA,NA,,,,CBS-711
applejuice,NA,NA,NA,,,,CBS-711
bagel,NA,NA,NA,5.144016583,,,CBS-711
toast,NA,NA,0,6.259869227,5.144016583,32.20087111,CBS-711
waffles,NA,NA,0.1429,5.166240605,6.259869227,32.33999058,CBS-711
pancakes,NA,NA,0.1429,5.671386696,5.166240605,29.29974824,CBS-711
frenchtoast,NA,NA,0,4.925064442,5.671386696,27.93194495,CBS-711
macandcheese,2,2,0.0001,3.799753966,,,CBW-715
toast,NA,NA,0.0833,6.259869227,3.799753966,23.78596292,CBW-715
butter,0.616381268,0.705271772,0.1667,6.885433766,6.259869227,43.10191495,CBW-715
pizza,NA,NA,0,6.127115818,6.885433766,42.18785014,CBW-715
pepperoni,NA,NA,0.1667,4.833758902,6.127115818,29.61700063,CBW-715
cheese,NA,NA,0,6.784949697,4.833758902,32.796811,CBW-715
broccoli,NA,NA,0,5.735691497,6.784949697,38.91637828,CBW-715
crackers,NA,NA,0.2222,5.880921581,5.735691497,33.73115191,CBW-715
tuna,NA,NA,0.0769,5.942652316,5.880921581,34.94827225,CBW-715
fish,NA,NA,0.0769,7.344814258,5.942652316,43.64767746,CBW-715
lobster,0.649963776,0.639580083,0,5.989108389,7.344814258,43.98888869,CBW-715
crab,0.677974283,0.634235257,0.125,6.158116322,5.989108389,36.88162612,CBW-715
bread,0.425823547,0.417148308,0.25,7.118235849,6.158116322,43.83492437,CBW-715
shrimp,0.589409873,0.554962257,0,6.17749985,7.118235849,43.97290089,CBW-715
cauliflour,NA,NA,NA,,6.17749985,,CBW-715
lettuce,NA,NA,NA,6.061022496,,,CBW-715
carrots,0.882994308,0.771862688,0,6.047191506,6.061022496,36.65216376,CBW-715
greenbeans,NA,NA,0,5.379341783,6.047191506,32.52990994,CBW-715
beans,NA,NA,0.25,6.627013054,5.379341783,35.64896822,CBW-715
blackbeans,NA,NA,0.5,4.963891668,6.627013054,32.89577488,CBW-715
marshmallows,NA,NA,NA,,4.963891668,,CBW-715
candycanes,NA,NA,NA,,,,CBW-715
rootbeer,2,2,NA,,,,CCB-720
pizza,NA,NA,NA,6.127115818,,,CCB-720
broccoli,NA,NA,0.0833,5.735691497,6.127115818,35.1432461,CCB-720
macaroniandcheese,NA,NA,0.1111,4.774633735,5.735691497,27.38582612,CCB-720
cocacola,NA,NA,NA,,4.774633735,,CCB-720
pepsi,NA,NA,NA,,,,CCB-720
icecream,NA,NA,NA,6.274085076,,,CCB-720
popsicles,NA,NA,NA,,6.274085076,,CCB-720
strawberries,NA,NA,NA,5.930610323,,,CCB-720
blueberries,NA,NA,0.1,5.385221851,5.930610323,31.9376523,CCB-720
bananas,NA,NA,NA,,5.385221851,,CCB-720
grapes,0.694426532,0.582287005,NA,6.320292966,,,CCB-720
kiwi,NA,NA,0,5.053481804,6.320292966,31.9394855,CCB-720
zucchinibread,NA,NA,NA,3.747722462,5.053481804,18.93904727,CCB-720
bananabread,NA,NA,NA,4.263636069,3.747722462,15.97892467,CCB-720
smoothies,NA,NA,NA,,4.263636069,,CCB-720
burgers,2,2,NA,,,,CCD-722
fries,NA,NA,NA,5.818344021,,,CCD-722
ketchup,NA,NA,0,5.302556028,5.818344021,30.85209516,CCD-722
mustard,0.768348811,0.659463576,0,6.213677102,5.302556028,32.94837097,CCD-722
lettuce,0.749005267,0.681944358,0.0909,6.061022496,6.213677102,37.6612367,CCD-722
onions,0.869819757,0.823723632,0,6.284040709,6.061022496,38.0877121,CCD-722
pickles,0.820717204,0.751958847,NA,,6.284040709,,CCD-722
tomatoes,0.780449924,0.778142286,NA,,,,CCD-722
mayo,NA,NA,NA,,,,CCD-722
buns,NA,NA,NA,,,,CCD-722
beer,0.620870084,0.553176674,NA,6.821224754,,,CCD-722
wine,0.698334225,0.746907829,0.125,7.193772466,6.821224754,49.07033882,CCD-722
bread,0.512511591,0.557998492,0.25,7.118235849,7.193772466,51.20696906,CCD-722
cheese,0.591976532,0.669215395,0,6.784949697,7.118235849,48.29687217,CCD-722
ham,0.589973615,0.597538004,0,6.443616226,6.784949697,43.71961196,CCD-722
turkey,0.452910669,0.412502017,0,6.767768346,6.443616226,43.60890193,CCD-722
steak,0.388039119,0.404332448,0.1111,6.120825552,6.767768346,41.42432942,CCD-722
lobster,0.769093604,0.679481785,0,5.989108389,6.120825552,36.65828766,CCD-722
crab,0.677974283,0.634235257,0.125,6.158116322,5.989108389,36.88162612,CCD-722
shrimp,0.620966174,0.529629732,0.125,6.17749985,6.158116322,38.04176266,CCD-722
biscuits,0.639970632,0.525655711,NA,,6.17749985,,CCD-722
graxy,NA,NA,NA,,,,CCD-722
mashedpotatoes,NA,NA,NA,5.374530228,,,CCD-722
macandcheese,NA,NA,0.1667,3.799753966,5.374530228,20.42189255,CCD-722
pasta,NA,NA,0.0833,6.077172338,3.799753966,23.09175969,CCD-722
pesto,NA,NA,0.2222,5.136894884,6.077172338,31.21779549,CCD-722
greenpeppers,NA,NA,0.1,4.952608422,5.136894884,25.44102887,CCD-722
cucumbers,NA,NA,NA,,4.952608422,,CCD-722
redpeppers,NA,NA,NA,4.893345572,,,CCD-722
sausage,NA,NA,0.0909,6.006213094,4.893345572,29.39047625,CCD-722
beef,0.73722902,0.717218084,0,6.662562355,6.006213094,40.01676926,CCD-722
ham,0.717212924,0.671578795,0,6.443616226,6.662562355,42.9309949,CCD-722
mushrooms,0.677399433,0.594600076,0,6.169881248,6.443616226,39.75634692,CCD-722
onions,0.820737384,0.825769044,0,6.284040709,6.169881248,38.77178493,CCD-722
pepperoni,NA,NA,0.1667,4.833758902,6.284040709,30.37553772,CCD-722
bananapeppers,NA,NA,NA,,4.833758902,,CCD-722
blackolives,NA,NA,NA,4.772776304,,,CCD-722
pastasauce,NA,NA,NA,,4.772776304,,CCD-722
potatochips,NA,NA,NA,5.226166683,,,CCD-722
ricecakes,NA,NA,NA,,5.226166683,,CCD-722
cereal,NA,NA,NA,6.103664177,,,CCD-722
cheerios,NA,NA,NA,,6.103664177,,CCD-722
water,NA,NA,NA,8.128616304,,,CCD-722
sprite,0.36637692,0.303277221,NA,,8.128616304,,CCD-722
sweettea,2,2,NA,,,,CCF-724
macaroni,NA,NA,NA,5.581387521,,,CCF-724
pizza,NA,NA,0,6.127115818,5.581387521,34.19780777,CCF-724
water,NA,NA,0.0833,8.128616304,6.127115818,49.80497353,CCF-724
chicken,0.414284643,0.340908931,0,6.827585591,8.128616304,55.49882355,CCF-724
sprite,0.332972025,0.414537941,NA,,6.827585591,,CCF-724
sweettea,NA,NA,NA,,,,CCF-724
ribs,NA,NA,NA,6.426640717,,,CCF-724
lemonade,0.408033817,0.390933958,0.25,5.675389685,6.426640717,36.47369043,CCF-724
broccoli,NA,NA,0,5.735691497,5.675389685,32.55228436,CCF-724
cheese,NA,NA,0,6.784949697,5.735691497,38.91637828,CCF-724
drpepper,NA,NA,NA,,6.784949697,,CCF-724
sunkist,NA,NA,NA,,,,CCF-724
rootbeer,NA,NA,NA,,,,CCF-724
milk,NA,NA,NA,7.233255898,,,CCF-724
applejuice,NA,NA,NA,,7.233255898,,CCF-724
orangejuice,NA,NA,NA,5.787305291,,,CCF-724
coffee,2,2,0.0001,7.112627989,,,CCH-726
milk,0.4946309,0.594835948,0,7.233255898,7.112627989,51.44745835,CCH-726
apple,0.403948241,0.404636481,0,6.797844554,7.233255898,49.17054921,CCH-726
pie,0.620959021,0.61525143,0.125,6.528529646,6.797844554,44.3799297,CCH-726
cake,0.700534556,0.732112723,0,6.647085024,6.528529646,43.39569164,CCH-726
banana,0.590226012,0.594788001,0,6.151067854,6.647085024,40.88667101,CCH-726
water,0.491420191,0.359432077,0,8.128616304,6.151067854,49.99967045,CCH-726
kiwi,NA,NA,0.1,5.053481804,8.128616304,41.07781458,CCH-726
chocolate,NA,NA,0,6.569376251,5.053481804,33.19822335,CCH-726
crackers,0.694851765,0.701804791,0,5.880921581,6.569376251,38.63398657,CCH-726
onions,0.827857366,0.699838353,0.1111,6.284040709,5.880921581,36.95595062,CCH-726
garlic,0.844354785,0.776054759,0.2,6.413673365,6.284040709,40.30378452,CCH-726
pretzels,NA,NA,0.1,5.041183384,6.413673365,32.3325036,CCH-726
strawberries,NA,NA,0.1,5.930610323,5.041183384,29.89729422,CCH-726
fruitjuice,NA,NA,NA,,5.930610323,,CCH-726
cheese,NA,NA,NA,6.784949697,,,CCH-726
pancakes,0.559657899,0.665373973,0,5.671386696,6.784949697,38.48007344,CCH-726
waffles,NA,NA,0.1429,5.166240605,5.671386696,29.29974824,CCH-726
bacon,NA,NA,0.1429,6.679321309,5.166240605,34.50698096,CCH-726
eggs,0.421534617,0.493982225,0.2222,6.99743418,6.679321309,46.73811123,CCH-726
beef,0.569584241,0.584584427,0.1111,6.662562355,6.99743418,46.62084155,CCH-726
pig,0.510965497,0.516500176,NA,,6.662562355,,CCH-726
spaghetti,NA,NA,NA,5.757392232,,,CCH-726
soda,2,2,0.0001,6.491606791,,,CCX-744
grapes,0.460972331,0.482514785,0,6.320292966,6.491606791,41.02885674,CCX-744
fish,0.460477754,0.455345885,0.1,7.344814258,6.320292966,46.42137789,CCX-744
chicken,0.569463034,0.482725227,0.2,6.827585591,7.344814258,50.147348,CCX-744
broccoli,NA,NA,0.2857,5.735691497,6.827585591,39.16092462,CCX-744
pears,NA,NA,NA,,5.735691497,,CCX-744
apples,0.655803075,0.623436711,NA,,,,CCX-744
bananas,0.695474227,0.643945363,NA,,,,CCX-744
mangoes,NA,NA,NA,,,,CCX-744
mashedpotatoes,NA,NA,NA,5.374530228,,,CCX-744
sweetpotatoes,NA,NA,0,5.589320591,5.374530228,30.03997247,CCX-744
turkey,NA,NA,0.1429,6.767768346,5.589320591,37.82722697,CCX-744
dressing,0.216757187,0.263678096,0.125,6.676849196,6.767768346,45.18736864,CCX-744
ham,0.432006982,0.324983463,0,6.443616226,6.676849196,43.02305382,CCX-744
frenchfries,NA,NA,0,5.216754243,6.443616226,33.61476229,CCX-744
pizza,NA,NA,0.0833,6.127115818,5.216754243,31.96365744,CCX-744
salad,NA,NA,0.25,6.493777206,6.127115818,39.78812504,CCX-744
icecream,NA,NA,0.0833,6.274085076,6.493777206,40.74251066,CCX-744
yogurt,NA,NA,NA,5.868381667,6.274085076,36.81872584,CCX-744
candy,NA,NA,NA,6.420693917,5.868381667,37.67908247,CCX-744
lemons,0.649049568,0.634863803,NA,,6.420693917,,CCX-744
oranges,0.811042696,0.770036419,NA,,,,CCX-744
peanuts,2,2,0.0001,5.86680936,,,CDG-753
cashews,NA,NA,0.2,4.819122597,5.86680936,28.27287356,CDG-753
bread,NA,NA,0,7.118235849,4.819122597,34.30365123,CDG-753
bark,0.282335829,0.333231857,NA,,7.118235849,,CDG-753
soda,0.341862189,0.252213692,NA,6.491606791,,,CDG-753
rootbeer,NA,NA,NA,,6.491606791,,CDG-753
drpepper,NA,NA,NA,,,,CDG-753
water,NA,NA,NA,8.128616304,,,CDG-753
jello,NA,NA,0,4.757623746,8.128616304,38.67289795,CDG-753
brownies,NA,NA,NA,,4.757623746,,CDG-753
cookies,0.585942723,0.532287336,NA,,,,CDG-753
chocolate,0.687911363,0.682178903,NA,6.569376251,,,CDG-753
milk,0.558969514,0.656821962,0.3333,7.233255898,6.569376251,47.51797951,CDG-753
orangejuice,NA,NA,0,5.787305291,7.233255898,41.86106013,CDG-753
limejuice,NA,NA,NA,,5.787305291,,CDG-753
lemonade,NA,NA,NA,5.675389685,,,CDG-753
noodles,0.777207847,0.657405453,0.125,5.753362409,5.675389685,32.65257367,CDG-753
macandcheese,NA,NA,0.1667,3.799753966,5.753362409,21.86136163,CDG-753
pasta,NA,NA,0.0833,6.077172338,3.799753966,23.09175969,CDG-753
spaghetti,NA,NA,0,5.757392232,6.077172338,34.98866481,CDG-753
tomatoes,NA,NA,NA,,5.757392232,,CDG-753
peppers,0.905356822,0.833312587,NA,5.955714682,,,CDG-753
celery,0.916433798,0.705248053,0,6.039629032,5.955714682,35.9703073,CDG-753
peanutbutter,NA,NA,0,5.676114469,6.039629032,34.28162574,CDG-753
jelly,NA,NA,0.1,6.145127075,5.676114469,34.8804447,CDG-753
plums,0.595515974,0.535798708,NA,,6.145127075,,CDG-753
mangoes,NA,NA,NA,,,,CDG-753
guava,NA,NA,NA,5.005420767,,,CDG-753
plums,NA,NA,NA,,5.005420767,,CDG-753
grapefruit,NA,NA,NA,5.622690553,,,CDG-753
starfruit,NA,NA,0.25,3.473778835,5.622690553,19.53198344,CDG-753
limes,NA,NA,NA,,3.473778835,,CDG-753
lemons,0.582448105,0.561192363,NA,,,,CDG-753
cocacola,2,2,NA,,,,CDH-754
cherrycocacola,NA,NA,NA,,,,CDH-754
fantaorange,NA,NA,NA,,,,CDH-754
fantastrawberry,NA,NA,NA,,,,CDH-754
fantapineapple,NA,NA,NA,,,,CDH-754
fantagrape,NA,NA,NA,,,,CDH-754
friedrice,NA,NA,NA,4.643235475,,,CDH-754
sreamedrice,NA,NA,NA,,4.643235475,,CDH-754
chicken,NA,NA,NA,6.827585591,,,CDH-754
turkey,0.467591972,0.487332534,0,6.767768346,6.827585591,46.20751764,CDH-754
danimalscrunchers,NA,NA,NA,,6.767768346,,CDH-754
yogurt,NA,NA,NA,5.868381667,,,CDH-754
danimalssmoothies,NA,NA,NA,,5.868381667,,CDH-754
sprite,NA,NA,NA,,,,CDH-754
spritezero,NA,NA,NA,,,,CDH-754
soda,2,2,0.0001,6.491606791,,,CDM-759
macaroniandcheese,NA,NA,0.1111,4.774633735,6.491606791,30.99504478,CDM-759
spaghetti,NA,NA,0.1111,5.757392232,4.774633735,27.48943918,CDM-759
icecream,NA,NA,0.0833,6.274085076,5.757392232,36.12236868,CDM-759
cake,NA,NA,0,6.647085024,6.274085076,41.70437695,CDM-759
pizza,NA,NA,0.0833,6.127115818,6.647085024,40.72745979,CDM-759
maggianosalads,NA,NA,NA,,6.127115818,,CDM-759
rolls,NA,NA,NA,,,,CDM-759
hotdogs,NA,NA,NA,,,,CDM-759
cranberries,NA,NA,NA,5.300053908,,,CDM-759
raspberries,0.858069823,0.944469708,0.0909,5.497827736,5.300053908,29.13878338,CDM-759
watermelon,0.468758922,0.566195362,0,5.539659369,5.497827736,30.45609293,CDM-759
strawberries,0.507379293,0.554780472,0.1,5.930610323,5.539659369,32.85356104,CDM-759
cantaloupe,NA,NA,0.1,5.081804409,5.930610323,30.13820169,CDM-759
peaches,NA,NA,NA,,5.081804409,,CDM-759
water,0.429796657,0.50146183,NA,8.128616304,,,CDM-759
juice,0.572773499,0.571992629,0.1,6.760199926,8.128616304,54.95107134,CDM-759
applecider,NA,NA,NA,,6.760199926,,CDM-759
wine,NA,NA,NA,7.193772466,,,CDM-759
coconutcreampie,NA,NA,NA,,7.193772466,,CDM-759
chocolatepie,NA,NA,NA,3.916769684,,,CDM-759
applepie,NA,NA,0.3333,5.282998022,3.916769684,20.69228649,CDM-759
coconutpie,NA,NA,NA,,5.282998022,,CDM-759
pumpkinpie,NA,NA,NA,4.769517637,,,CDM-759
chocolateicecream,NA,NA,NA,,4.769517637,,CDM-759
vanillaicecream,NA,NA,NA,,,,CDM-759
redvelvetcake,NA,NA,NA,,,,CDM-759
chocolateballs,NA,NA,NA,,,,CDM-759
ravioli,NA,NA,NA,5.038826731,,,CDM-759
breadsticks,NA,NA,0.1111,4.184208613,5.038826731,21.08350221,CDM-759
cheesesause,NA,NA,NA,,4.184208613,,CDM-759
salsa,NA,NA,NA,5.596000768,,,CDM-759
chips,NA,NA,0,6.388607524,5.596000768,35.75065261,CDM-759
doritos,NA,NA,0,4.171755698,6.388607524,26.65170984,CDM-759
coolranchdoritos,NA,NA,NA,,4.171755698,,CDM-759
chicken,2,2,0.0001,6.827585591,,,CDR-764
chicken,1,1,1,6.827585591,6.827585591,46.615925,CDR-764
ketchup,0.700813678,0.652415257,0.1429,5.302556028,6.827585591,36.20365513,CDR-764
popcorn,NA,NA,0,5.70964726,5.302556028,30.2757245,CDR-764
pizza,NA,NA,0.1667,6.127115818,5.70964726,34.98367004,CDR-764
orangejuice,NA,NA,0,5.787305291,6.127115818,35.45948979,CDR-764
applejuice,NA,NA,NA,,5.787305291,,CDR-764
grapejuice,NA,NA,NA,,,,CDR-764
steak,NA,NA,NA,6.120825552,,,CDR-764
shrimp,0.769834229,0.675181908,0.1111,6.17749985,6.120825552,37.81139893,CDR-764
ribs,0.540462569,0.545987555,0,6.426640717,6.17749985,39.70057207,CDR-764
cookies,0.328102289,0.415453706,NA,,6.426640717,,CDR-764
icecream,NA,NA,NA,6.274085076,,,CDR-764
cake,NA,NA,0,6.647085024,6.274085076,41.70437695,CDR-764
smoothie,NA,NA,0,4.812023813,6.647085024,31.98593142,CDR-764
milkshake,NA,NA,0,4.603955885,4.812023813,22.15434535,CDR-764
slushie,NA,NA,NA,,4.603955885,,CDR-764
icecream,NA,NA,NA,6.274085076,,,CDR-764
water,NA,NA,0.0833,8.128616304,6.274085076,50.99963024,CDR-764
koolaid,NA,NA,NA,,8.128616304,,CDR-764
cherry,NA,NA,NA,6.435047003,,,CDR-764
apple,0.576658432,0.691000392,0,6.797844554,6.435047003,43.74444922,CDR-764
strawberry,0.675595844,0.641826021,0,6.044711798,6.797844554,41.09101118,CDR-764
banana,0.601938549,0.585962072,0,6.151067854,6.044711798,37.18143243,CDR-764
tangerine,NA,NA,0,5.05288239,6.151067854,31.08062244,CDR-764
mango,NA,NA,0,5.658147868,5.05288239,28.58995572,CDR-764
blueberries,NA,NA,0.0909,5.385221851,5.658147868,30.47038153,CDR-764
milk,NA,NA,0,7.233255898,5.385221851,38.95268772,CDR-764
applesauce,NA,NA,0,5.17145146,7.233255898,37.40643177,CDR-764
pop,NA,NA,NA,,5.17145146,,CDR-764
cocacola,NA,NA,NA,,,,CDR-764
fanta,NA,NA,NA,,,,CDR-764
sprite,2,2,NA,,,,CDU-767
pepsi,NA,NA,NA,,,,CDU-767
lemonade,NA,NA,NA,5.675389685,,,CDU-767
coke,0.372456452,0.39548026,NA,,5.675389685,,CDU-767
orangejuice,NA,NA,NA,5.787305291,,,CDU-767
applejuice,NA,NA,NA,,5.787305291,,CDU-767
cranberryjuice,NA,NA,NA,,,,CDU-767
spaghetti,NA,NA,NA,5.757392232,,,CDU-767
chicken,NA,NA,0,6.827585591,5.757392232,39.30908824,CDU-767
macaroni,0.689668749,0.627698886,0,5.581387521,6.827585591,38.10740102,CDU-767
greens,0.66619498,0.476288648,0,6.155918755,5.581387521,34.35856812,CDU-767
fish,0.506087719,0.495287435,0,7.344814258,6.155918755,45.21407984,CDU-767
pop,0.339753394,0.299921825,NA,,7.344814258,,CDU-767
water,0.321267091,0.243861252,NA,8.128616304,,,CDU-767
gatorade,NA,NA,NA,,8.128616304,,CDU-767
powerade,NA,NA,NA,,,,CDU-767
jambalaya,NA,NA,NA,4.505624728,,,CDU-767
meats,NA,NA,NA,,4.505624728,,CDU-767
sausages,0.541077263,0.671205641,NA,,,,CDU-767
bacon,0.611673257,0.670570551,NA,6.679321309,,,CDU-767
eggs,0.421534617,0.493982225,0.2222,6.99743418,6.679321309,46.73811123,CDU-767
biscuits,0.657985325,0.645985907,NA,,6.99743418,,CDU-767
bagels,NA,NA,NA,,,,CDU-767
bananas,NA,NA,NA,,,,CDU-767
cereal,NA,NA,NA,6.103664177,,,CDU-767
ricekrispietreats,NA,NA,NA,,6.103664177,,CDU-767
fruitsnacks,NA,NA,NA,3.413467413,,,CDU-767
cheesenips,NA,NA,NA,,3.413467413,,CDU-767
macaroniandcheese,2,2,0.0001,4.774633735,,,SGO-159
popcorn,NA,NA,0,5.70964726,4.774633735,27.26147442,SGO-159
pizza,NA,NA,0.1667,6.127115818,5.70964726,34.98367004,SGO-159
pasta,NA,NA,0.0833,6.077172338,6.127115818,37.23553876,SGO-159
grape,NA,NA,0.2222,6.249929558,6.077172338,37.98189902,SGO-159
cheese,0.430660769,0.478108965,0.1429,6.784949697,6.249929558,42.40545766,SGO-159
meat,0.556272054,0.633504672,0,7.080839758,6.784949697,48.04314157,SGO-159
pepsi,NA,NA,NA,,7.080839758,,SGO-159
coke,NA,NA,NA,,,,SGO-159
mountaindew,NA,NA,NA,,,,SGO-159
dietcoke,NA,NA,NA,,,,SGO-159
drpepper,NA,NA,NA,,,,SGO-159
rootbeer,NA,NA,NA,,,,SGO-159
orange,NA,NA,NA,6.979244809,,,SGO-159
sierramist,NA,NA,NA,,6.979244809,,SGO-159
sprite,NA,NA,NA,,,,SGO-159
grape,0.407313924,0.460546055,NA,6.249929558,,,SGO-159
cherry,0.522527961,0.613446802,0,6.435047003,6.249929558,40.21859047,SGO-159
vanillacoke,NA,NA,NA,,6.435047003,,SGO-159
icecream,NA,NA,NA,6.274085076,,,SGO-159
corndog,NA,NA,0.2353,3.009875634,6.274085076,18.8842158,SGO-159
pizzarolls,NA,NA,NA,,3.009875634,,SGO-159
chips,NA,NA,NA,6.388607524,,,SGO-159
cookies,0.546986426,0.560838091,NA,,6.388607524,,SGO-159
grahamcrackers,NA,NA,NA,4.582699559,,,SGO-159
seacrackers,NA,NA,NA,,4.582699559,,SGO-159
granolabars,NA,NA,NA,,,,SGO-159
corn,NA,NA,NA,7.059617749,,,SGO-159
broccoli,NA,NA,0.2727,5.735691497,7.059617749,40.4917895,SGO-159
langus,NA,NA,NA,,5.735691497,,SGO-159
apple,NA,NA,NA,6.797844554,,,SGO-159
pineapple,0.55062902,0.821352079,0.25,5.909011751,6.797844554,40.16854335,SGO-159
strawberries,0.651735331,0.689446644,0.1,5.930610323,5.909011751,35.04404609,SGO-159
ham,0.580971548,0.525203054,0,6.443616226,5.930610323,38.21457691,SGO-159
chicken,0.699188268,0.639294255,0,6.827585591,6.443616226,43.9943413,SGO-159
pork,0.721658701,0.706984849,0,6.422526808,6.827585591,43.85035149,SGO-159
pizza,2,2,0.0001,6.127115818,,,SKE-234
water,NA,NA,0.0833,8.128616304,6.127115818,49.80497353,SKE-234
soda,0.60923051,0.620512273,0.1,6.491606791,8.128616304,52.7677808,SKE-234
cereal,NA,NA,0.1429,6.103664177,6.491606791,39.62258782,SKE-234
milk,NA,NA,0.1667,7.233255898,6.103664177,44.14936491,SKE-234
orangejuice,NA,NA,0,5.787305291,7.233255898,41.86106013,SKE-234
applejuice,NA,NA,NA,,5.787305291,,SKE-234
apples,NA,NA,NA,,,,SKE-234
fruit,0.722011367,0.716682214,NA,7.197499387,,,SKE-234
grapes,0.657430058,0.678959587,0.2222,6.320292966,7.197499387,45.49030475,SKE-234
pasta,NA,NA,0.1111,6.077172338,6.320292966,38.40950958,SKE-234
ravioli,NA,NA,0,5.038826731,6.077172338,30.62181843,SKE-234
coffee,NA,NA,0.4444,7.112627989,5.038826731,35.83930004,SKE-234
gingerale,NA,NA,NA,,7.112627989,,SKE-234
spaghetti,NA,NA,NA,5.757392232,,,SKE-234
breadsticks,NA,NA,0,4.184208613,5.757392232,24.09013017,SKE-234
buffalowings,NA,NA,0.2,3.896636431,4.184208613,16.30433972,SKE-234
hamburger,2,2,0.0001,5.787621977,,,SMK-401
hotdog,NA,NA,0,4.377634034,5.787621977,25.33609094,SMK-401
chips,NA,NA,0.25,6.388607524,4.377634034,27.96698573,SMK-401
skittles,NA,NA,NA,,6.388607524,,SMK-401
hershey,NA,NA,NA,,,,SMK-401
hotdogs,NA,NA,NA,,,,SMK-401
sausage,NA,NA,NA,6.006213094,,,SMK-401
milk,0.511490053,0.544293535,0.2727,7.233255898,6.006213094,43.44447629,SMK-401
coke,0.327910558,0.374400305,NA,,7.233255898,,SMK-401
dietcoke,NA,NA,NA,,,,SMK-401
sprite,NA,NA,NA,,,,SMK-401
sunkist,NA,NA,NA,,,,SMK-401
frenchfries,NA,NA,NA,5.216754243,,,SMK-401
tatertots,NA,NA,0.2222,3.587486465,5.216754243,18.71503524,SMK-401
mashedpotatoes,NA,NA,0.1667,5.374530228,3.587486465,19.28105445,SMK-401
corn,NA,NA,0,7.059617749,5.374530228,37.94212899,SMK-401
peas,0.592567612,0.698129904,0.0909,6.246395411,7.059617749,44.09716391,SMK-401
grapes,0.686883723,0.646694084,0.1111,6.320292966,6.246395411,39.47904898,SMK-401
apple,0.479257415,0.516324203,0.1111,6.797844554,6.320292966,42.96436912,SMK-401
bananas,0.555219014,0.59137583,NA,,6.797844554,,SMK-401
guacamole,NA,NA,NA,4.81847663,,,SMK-401
cheese,NA,NA,0,6.784949697,4.81847663,32.69312155,SMK-401
pepperjackcheese,NA,NA,NA,,6.784949697,,SMK-401
bread,NA,NA,NA,7.118235849,,,SMK-401
pringles,NA,NA,0,4.13522809,7.118235849,29.43552883,SMK-401
quakerbars,NA,NA,NA,,4.13522809,,SMK-401
granolabars,NA,NA,NA,,,,SMK-401
popsicles,NA,NA,NA,,,,SMK-401
frozenpizzas,NA,NA,NA,,,,SMK-401
pepperonipizza,NA,NA,NA,,,,SMK-401
cheesepizza,NA,NA,NA,,,,SMK-401
sausagepizza,NA,NA,NA,,,,SMK-401
breadsticks,NA,NA,NA,4.184208613,,,SMK-401
spaghetti,NA,NA,0,5.757392232,4.184208613,24.09013017,SMK-401
lasagna,NA,NA,0,5.158335348,5.757392232,29.69855986,SMK-401
soda,2,2,0.0001,6.491606791,,,SNI-300
water,0.60923051,0.620512273,0.1,8.128616304,6.491606791,52.7677808,SNI-300
chicken,0.414284643,0.340908931,0,6.827585591,8.128616304,55.49882355,SNI-300
burger,0.143664648,0.323207201,0,5.970327346,6.827585591,40.76292096,SNI-300
rice,0.020246468,0.288858346,0,6.983482536,5.970327346,41.69367675,SNI-300
spaghetti,NA,NA,0,5.757392232,6.983482536,40.20664811,SNI-300
macaroniandcheese,NA,NA,0.1111,4.774633735,5.757392232,27.48943918,SNI-300
steak,NA,NA,0,6.120825552,4.774633735,29.22470017,SNI-300
barbecue,NA,NA,0.1111,5.774749014,6.120825552,35.34623132,SNI-300
chinese,NA,NA,0,7.380743144,5.774749014,42.62193919,SNI-300
rice,0.35510334,0.453701401,0.1,6.983482536,7.380743144,51.54329085,SNI-300
pizza,NA,NA,0.0833,6.127115818,6.983482536,42.78860631,SNI-300
juice,NA,NA,0.1667,6.760199926,6.127115818,41.4205279,SNI-300
orange,0.437752241,0.502435144,0,6.979244809,6.760199926,47.18109024,SNI-300
lemon,0.485241873,0.595348805,0,6.535672412,6.979244809,45.61405775,SNI-300
apple,0.497893897,0.568767457,0,6.797844554,6.535672412,44.42848511,SNI-300
pear,0.591337904,0.625377362,0,6.100306775,6.797844554,41.46893719,SNI-300
lemon,0.561432491,0.5511947,0,6.535672412,6.100306775,39.86960669,SNI-300
pizza,2,2,0.0001,6.127115818,,,SNR-308
pizza,NA,NA,1,6.127115818,6.127115818,37.54154825,SNR-308
chips,NA,NA,0.0833,6.388607524,6.127115818,39.14373822,SNR-308
candies,0.665529053,0.543521937,NA,,6.388607524,,SNR-308
pop,0.509861038,0.279945294,NA,,,,SNR-308
dietcoke,NA,NA,NA,,,,SNR-308
lemonade,NA,NA,NA,5.675389685,,,SNR-308
pies,0.726251393,0.580274905,NA,,5.675389685,,SNR-308
cereal,NA,NA,NA,6.103664177,,,SNR-308
cakes,NA,NA,NA,,6.103664177,,SNR-308
brownies,0.363064001,0.512482519,NA,,,,SNR-308
sandwich,0.445019413,0.435675626,NA,6.319168335,,,SNR-308
peanutbutter,NA,NA,0.1,5.676114469,6.319168335,35.86832282,SNR-308
tunafish,NA,NA,NA,,5.676114469,,SNR-308
fish,NA,NA,NA,7.344814258,,,SNR-308
chicken,0.569463034,0.482725227,0.2,6.827585591,7.344814258,50.147348,SNR-308
soda,2,2,0.0001,6.491606791,,,SNT-310
corn,0.489012064,0.486798073,0,7.059617749,6.491606791,45.82826252,SNT-310
potatoes,0.609718048,0.68589006,0.1818,6.651055575,7.059617749,46.95390999,SNT-310
tomato,0.781403311,0.763999145,0,6.328685541,6.651055575,42.09243925,SNT-310
steak,0.871160921,0.725171876,0.1111,6.120825552,6.328685541,38.73678017,SNT-310
apple,0.487429535,0.521254822,0.1111,6.797844554,6.120825552,41.60842064,SNT-310
oranges,0.594204335,0.612843266,NA,,6.797844554,,SNT-310
banana,0.690335014,0.624532247,NA,6.151067854,,,SNT-310
kiwi,NA,NA,0,5.053481804,6.151067854,31.08430948,SNT-310
plums,NA,NA,NA,,5.053481804,,SNT-310
water,0.410227184,0.23005762,NA,8.128616304,,,SNT-310
bread,0.414483712,0.439636949,0.4,7.118235849,8.128616304,57.86140798,SNT-310
turkey,0.324438297,0.384019162,0,6.767768346,7.118235849,48.17457126,SNT-310
mayo,NA,NA,NA,,6.767768346,,SNT-310
mustard,NA,NA,NA,6.213677102,,,SNT-310
lettuce,0.749005267,0.681944358,0.0909,6.061022496,6.213677102,37.6612367,SNT-310
carrots,0.882994308,0.771862688,0,6.047191506,6.061022496,36.65216376,SNT-310
radishes,0.837939984,0.714019267,NA,,6.047191506,,SNT-310
beets,0.907307881,0.674844544,NA,5.809662048,,,SNT-310
cauliflower,0.887804235,0.624913843,0,5.61004341,5.809662048,32.59245629,SNT-310
broccoli,NA,NA,0.25,5.735691497,5.61004341,32.17747828,SNT-310
sweetpotatoes,NA,NA,0.1429,5.589320591,5.735691497,32.05861859,SNT-310
beans,NA,NA,0.1429,6.627013054,5.589320591,37.04050052,SNT-310
hotdog,2,2,0.0001,4.377634034,,,SNV-312
hamburger,NA,NA,0,5.787621977,4.377634034,25.33609094,SNV-312
burrito,NA,NA,0.125,4.824145367,5.787621977,27.92032975,SNV-312
chicken,NA,NA,0,6.827585591,4.824145367,32.9372654,SNV-312
rice,0.627518427,0.632607622,0.1,6.983482536,6.827585591,47.68032474,SNV-312
corn,0.580245406,0.642062242,0.0909,7.059617749,6.983482536,49.30071726,SNV-312
celery,0.542822258,0.561461114,0,6.039629032,7.059617749,42.63747231,SNV-312
peanutbutter,NA,NA,0,5.676114469,6.039629032,34.28162574,SNV-312
water,NA,NA,0,8.128616304,5.676114469,46.13895662,SNV-312
2%milk,NA,NA,NA,,8.128616304,,SNV-312
orangejuice,NA,NA,NA,5.787305291,,,SNV-312
applejuice,NA,NA,NA,,5.787305291,,SNV-312
chocolatemilk,NA,NA,NA,,,,SNV-312
waffles,NA,NA,NA,5.166240605,,,SNV-312
blueberrymuffins,NA,NA,NA,,5.166240605,,SNV-312
granolabars,NA,NA,NA,,,,SNV-312
gatorade,NA,NA,NA,,,,SNV-312
powerade,NA,NA,NA,,,,SNV-312
turkey,NA,NA,NA,6.767768346,,,SNV-312
ham,0.452910669,0.412502017,0,6.443616226,6.767768346,43.60890193,SNV-312
mashedpotatoes,NA,NA,0,5.374530228,6.443616226,34.63141018,SNV-312
chickennoodles,NA,NA,0.0909,2.731588765,5.374530228,14.68100639,SNV-312
cornbread,NA,NA,0.1818,5.090042793,2.731588765,13.90390371,SNV-312
wings,NA,NA,0.2222,6.924508213,5.090042793,35.24604312,SNV-312
spaghetti,NA,NA,0,5.757392232,6.924508213,39.8671098,SNV-312
lasagna,NA,NA,0,5.158335348,5.757392232,29.69855986,SNV-312
breadsticks,NA,NA,0.1111,4.184208613,5.158335348,21.58355119,SNV-312
chickenpasta,NA,NA,NA,,4.184208613,,SNV-312
apples,NA,NA,NA,,,,SNV-312
oranges,0.691052893,0.689211144,NA,,,,SNV-312
strawberry,0.670007912,0.684602369,NA,6.044711798,,,SNV-312
raspberries,0.781105614,0.843039721,0,5.497827736,6.044711798,33.23278418,SNV-312
blueberries,NA,NA,0.1,5.385221851,5.497827736,29.60702206,SNV-312
chicken,2,2,0.0001,6.827585591,,,SNY-315
water,0.414284643,0.340908931,0,8.128616304,6.827585591,55.49882355,SNY-315
pop,0.321267091,0.243861252,NA,,8.128616304,,SNY-315
steak,0.455321718,0.401593807,NA,6.120825552,,,SNY-315
macaroniandcheese,NA,NA,0,4.774633735,6.120825552,29.22470017,SNY-315
bread,NA,NA,0,7.118235849,4.774633735,33.98696902,SNY-315
milk,0.547414434,0.579651432,0,7.233255898,7.118235849,51.48802144,SNY-315
orangejuice,NA,NA,0,5.787305291,7.233255898,41.86106013,SNY-315
applejuice,NA,NA,NA,,5.787305291,,SNY-315
grapejuice,NA,NA,NA,,,,SNY-315
cranberryjuice,NA,NA,NA,,,,SNY-315
tomatojuice,NA,NA,NA,,,,SNY-315
bananas,NA,NA,NA,,,,SNY-315
apples,0.695474227,0.643945363,NA,,,,SNY-315
oranges,0.691052893,0.689211144,NA,,,,SNY-315
grapes,0.695706295,0.618604598,NA,6.320292966,,,SNY-315
lettuce,0.555350069,0.586974697,0.0909,6.061022496,6.320292966,38.30743785,SNY-315
crackers,0.869245821,0.695981931,0.2727,5.880921581,6.061022496,35.644398,SNY-315
cereal,NA,NA,0.1111,6.103664177,5.880921581,35.89517038,SNY-315
cheezits,NA,NA,0,0.0001,6.103664177,0.000610366,SNY-315
hotchocolate,NA,NA,NA,,0.0001,,SNY-315
tea,NA,NA,NA,7.046139975,,,SNY-315
tomatosoup,NA,NA,0.25,4.831984889,7.046139975,34.04684188,SNY-315
chickennoodlesoup,NA,NA,0.0769,4.126521026,4.831984889,19.93928724,SNY-315
pop,2,2,NA,,,,SOA-317
food,0.240183757,0.145735311,NA,,,,SOA-317
rootbeer,NA,NA,NA,,,,SOA-317
water,NA,NA,NA,8.128616304,,,SOA-317
chew,0.377041952,0.378857188,NA,,8.128616304,,SOA-317
orange,0.32526052,0.317340055,NA,6.979244809,,,SOA-317
applejuice,NA,NA,NA,,6.979244809,,SOA-317
banana,2,2,0.0001,6.151067854,,,SOQ-329
apple,0.583791383,0.586899807,0.1667,6.797844554,6.151067854,41.81400311,SOQ-329
water,0.313721191,0.275865726,0,8.128616304,6.797844554,55.25707007,SOQ-329
soda,0.60923051,0.620512273,0.1,6.491606791,8.128616304,52.7677808,SOQ-329
orange,0.282142412,0.404440237,0,6.979244809,6.491606791,45.306513,SOQ-329
strawberry,0.448278344,0.589715414,0.1429,6.044711798,6.979244809,42.18752344,SOQ-329
kiwi,NA,NA,0,5.053481804,6.044711798,30.54684108,SOQ-329
pizza,NA,NA,0,6.127115818,5.053481804,30.9632683,SOQ-329
icecream,NA,NA,0.0833,6.274085076,6.127115818,38.44204591,SOQ-329
chocolate,NA,NA,0.1667,6.569376251,6.274085076,41.2168255,SOQ-329
beer,0.45725007,0.609458786,0,6.821224754,6.569376251,44.8111919,SOQ-329
chips,0.397803244,0.373834855,0.25,6.388607524,6.821224754,43.57812779,SOQ-329
chicken,0.430785365,0.497736239,0.4,6.827585591,6.388607524,43.61876468,SOQ-329
beef,0.718540727,0.696664201,0,6.662562355,6.827585591,45.48921473,SOQ-329
bacon,0.523250369,0.67932288,0.2,6.679321309,6.662562355,44.50139471,SOQ-329
meatloaf,NA,NA,0.1429,4.721761167,6.679321309,31.53815998,SOQ-329
hamburger,NA,NA,0,5.787621977,4.721761167,27.3277687,SOQ-329
steak,NA,NA,0,6.120825552,5.787621977,35.42502448,SOQ-329
greenbeans,NA,NA,0.1111,5.379341783,6.120825552,32.92601264,SOQ-329
peas,NA,NA,0,6.246395411,5.379341783,33.60149583,SOQ-329
carrots,0.808242838,0.746777345,0.1667,6.047191506,6.246395411,37.77314927,SOQ-329
spinach,0.905549174,0.726962471,0.1667,5.993913031,6.047191506,36.24633997,SOQ-329
broccoli,NA,NA,0,5.735691497,5.993913031,34.37923601,SOQ-329
corn,NA,NA,0.2727,7.059617749,5.735691497,40.4917895,SOQ-329
blueberries,NA,NA,0,5.385221851,7.059617749,38.01760776,SOQ-329
cherries,NA,NA,0.375,5.857089344,5.385221851,31.54172552,SOQ-329
gatorade,2,2,NA,,,,SPL-436
lemonade,NA,NA,NA,5.675389685,,,SPL-436
propel,NA,NA,NA,,5.675389685,,SPL-436
chips,NA,NA,NA,6.388607524,,,SPL-436
gingerbread,0.684258812,0.62688332,NA,,6.388607524,,SPL-436
cake,0.654001371,0.740948269,NA,6.647085024,,,SPL-436
icecream,NA,NA,0,6.274085076,6.647085024,41.70437695,SPL-436
cookies,NA,NA,NA,,6.274085076,,SPL-436
turkey,0.428688142,0.464845175,NA,6.767768346,,,SPL-436
ham,0.452910669,0.412502017,0,6.443616226,6.767768346,43.60890193,SPL-436
cottagecheese,NA,NA,0.25,5.358878602,6.443616226,34.53055711,SPL-436
frenchtoast,NA,NA,0.1429,4.925064442,5.358878602,26.39282245,SPL-436
eggs,NA,NA,0,6.99743418,4.925064442,34.46281427,SPL-436
peanuts,0.558357412,0.611575369,0,5.86680936,6.99743418,41.05261234,SPL-436
tacos,2,2,NA,,,,SPV-450
pizza,NA,NA,NA,6.127115818,,,SPV-450
water,NA,NA,0.0833,8.128616304,6.127115818,49.80497353,SPV-450
watermelon,0.334882614,0.706640061,0.1,5.539659369,8.128616304,45.02976547,SPV-450
hotdogs,NA,NA,NA,,5.539659369,,SPV-450
hamburgers,NA,NA,NA,,,,SPV-450
frenchfries,NA,NA,NA,5.216754243,,,SPV-450
candy,NA,NA,0.1111,6.420693917,5.216754243,33.49518223,SPV-450
spaghetti,NA,NA,0,5.757392232,6.420693917,36.96645328,SPV-450
lasagna,NA,NA,0,5.158335348,5.757392232,29.69855986,SPV-450
icecream,NA,NA,0.1667,6.274085076,5.158335348,32.36383482,SPV-450
sodapop,NA,NA,NA,,6.274085076,,SPV-450
liquor,NA,NA,NA,,,,SPV-450
mustard,0.617453877,0.631024905,NA,6.213677102,,,SPV-450
tomatoes,0.741868118,0.677288998,NA,,6.213677102,,SPV-450
onions,0.821101343,0.828069983,NA,6.284040709,,,SPV-450
greenpeppers,NA,NA,0.1,4.952608422,6.284040709,31.12239294,SPV-450
corn,NA,NA,0.1818,7.059617749,4.952608422,34.96352232,SPV-450
strawberries,0.616931283,0.687494343,0.0909,5.930610323,7.059617749,41.8678419,SPV-450
lettuce,0.740359234,0.719217124,0.0909,6.061022496,5.930610323,35.94556258,SPV-450
cheese,0.670420439,0.699590054,0,6.784949697,6.061022496,41.12373275,SPV-450
garlicbread,NA,NA,0,4.482473391,6.784949697,30.41335648,SPV-450
ribs,2,2,0.0001,6.426640717,,,SRF-483
wings,0.386580192,0.33435483,0,6.924508213,6.426640717,44.50132643,SRF-483
soda,0.109260118,0.184233869,0.1429,6.491606791,6.924508213,44.95118454,SRF-483
water,0.60923051,0.620512273,0.1,8.128616304,6.491606791,52.7677808,SRF-483
chickentenders,NA,NA,0.0909,3.744684063,8.128616304,30.43909993,SRF-483
chickenwings,NA,NA,0.5455,4.581244025,3.744684063,17.15531149,SRF-483
chickenlegs,NA,NA,NA,,4.581244025,,SRF-483
pickles,NA,NA,NA,,,,SRF-483
peppers,0.805360287,0.704801681,NA,5.955714682,,,SRF-483
macandcheese,NA,NA,0,3.799753966,5.955714682,22.63025048,SRF-483
cheese,NA,NA,0,6.784949697,3.799753966,25.78113952,SRF-483
noodles,0.688343379,0.605413439,0,5.753362409,6.784949697,39.03627453,SRF-483
parmesancheese,NA,NA,0,5.347189457,5.753362409,30.76431882,SRF-483
hamburgers,NA,NA,NA,,5.347189457,,SRF-483
spaghetti,2,2,0.0001,5.757392232,,,SRR-498
tacos,NA,NA,NA,,5.757392232,,SRR-498
milk,NA,NA,NA,7.233255898,,,SRR-498
soda,0.565116576,0.629341536,0,6.491606791,7.233255898,46.95545311,SRR-498
chocolatemilk,NA,NA,NA,,6.491606791,,SRR-498
strawberrymilk,NA,NA,NA,,,,SRR-498
eggs,NA,NA,NA,6.99743418,,,SRR-498
bacon,0.421534617,0.493982225,0.2222,6.679321309,6.99743418,46.73811123,SRR-498
toast,0.591888249,0.677202716,0,6.259869227,6.679321309,41.81167792,SRR-498
peanutbutterandjelly,NA,NA,NA,,6.259869227,,SRR-498
pudding,NA,NA,NA,6.068648492,,,SRR-498
cake,0.763216447,0.764507351,0.1667,6.647085024,6.068648492,40.33882251,SRR-498
omelets,NA,NA,NA,,6.647085024,,SRR-498
chocolatefudge,NA,NA,NA,,,,SRR-498
water,NA,NA,NA,8.128616304,,,SRR-498
romannoodles,NA,NA,NA,,8.128616304,,SRR-498
hamburgers,NA,NA,NA,,,,SRR-498
cheeseburgers,NA,NA,NA,,,,SRR-498
fries,NA,NA,NA,5.818344021,,,SRR-498
ravioli,NA,NA,0.2,5.038826731,5.818344021,29.31762738,SRR-498
pizza,NA,NA,0.0833,6.127115818,5.038826731,30.87347497,SRR-498
mcdonalds,NA,NA,NA,,6.127115818,,SRR-498
water,2,2,0.0001,8.128616304,,,SSG-520
milk,0.536399439,0.581365385,0.1,7.233255898,8.128616304,58.79636182,SSG-520
chickennuggets,NA,NA,0.1818,4.048752458,7.233255898,29.2856626,SSG-520
fish,NA,NA,0.1818,7.344814258,4.048752458,29.73733478,SSG-520
calamari,NA,NA,0,4.75320758,7.344814258,34.9114268,SSG-520
shrimp,NA,NA,0,6.17749985,4.75320758,29.36293911,SSG-520
beefandnoodles,NA,NA,0.1667,2.971739591,6.17749985,18.35792088,SSG-520
spaghetti,NA,NA,0,5.757392232,2.971739591,17.10947044,SSG-520
orangejuice,NA,NA,0,5.787305291,5.757392232,33.31978653,SSG-520
lemonade,NA,NA,0,5.675389685,5.787305291,32.84521275,SSG-520
koolaid,NA,NA,NA,,5.675389685,,SSG-520
candy,NA,NA,NA,6.420693917,,,SSG-520
juice,0.513355109,0.530007943,0.25,6.760199926,6.420693917,43.40517454,SSG-520
pizza,2,2,0.0001,6.127115818,,,SUG-544
potato,NA,NA,0.1667,6.479696786,6.127115818,39.70185267,SUG-544
corn,0.520604037,0.653821378,0.0909,7.059617749,6.479696786,45.74418244,SUG-544
beans,0.569029254,0.664915666,0.0909,6.627013054,7.059617749,46.78417898,SUG-544
soup,0.639450051,0.677513748,0.1,6.6137261,6.627013054,43.8292492,SUG-544
pepsi,NA,NA,NA,,6.6137261,,SUG-544
cherrypepsi,NA,NA,NA,,,,SUG-544
icee,NA,NA,NA,,,,SUG-544
tea,NA,NA,NA,7.046139975,,,SUG-544
drpepper,NA,NA,NA,,7.046139975,,SUG-544
lemonade,NA,NA,NA,5.675389685,,,SUG-544
watermelon,0.514435279,0.657743278,0.25,5.539659369,5.675389685,31.43972564,SUG-544
pumpkin,0.482936962,0.521007151,0.0909,5.876589604,5.539659369,32.55430466,SUG-544
pumpkinpie,NA,NA,0.1818,4.769517637,5.876589604,28.02849776,SUG-544
cherry,NA,NA,0,6.435047003,4.769517637,30.69207018,SUG-544
apple,0.576658432,0.691000392,0,6.797844554,6.435047003,43.74444922,SUG-544
orange,0.461962694,0.61538483,0.2857,6.979244809,6.797844554,47.44382132,SUG-544
cake,2,2,0.0001,6.647085024,,,SVH-570
icedcream,NA,NA,NA,,6.647085024,,SVH-570
popsicles,NA,NA,NA,,,,SVH-570
fruit,NA,NA,NA,7.197499387,,,SVH-570
meatloaf,NA,NA,0,4.721761167,7.197499387,33.98487311,SVH-570
barbecueribs,NA,NA,NA,,4.721761167,,SVH-570
milk,NA,NA,NA,7.233255898,,,SVH-570
water,0.536399439,0.581365385,0.1,8.128616304,7.233255898,58.79636182,SVH-570
orangejuice,NA,NA,0.1,5.787305291,8.128616304,47.04278414,SVH-570
applejuice,NA,NA,NA,,5.787305291,,SVH-570
steak,NA,NA,NA,6.120825552,,,SVH-570
broccoli,NA,NA,0.3333,5.735691497,6.120825552,35.10716707,SVH-570
lettuce,NA,NA,0.0909,6.061022496,5.735691497,34.76415519,SVH-570
salad,0.822045929,0.761053857,0,6.493777206,6.061022496,39.35892973,SVH-570
dietcoke,NA,NA,NA,,6.493777206,,SVH-570
sprite,NA,NA,NA,,,,SVH-570
peaches,2,2,NA,,,,SVY-587
apples,0.666926784,0.641010769,NA,,,,SVY-587
soda,0.416125143,0.454944164,NA,6.491606791,,,SVY-587
chicken,0.529888606,0.505914563,0,6.827585591,6.491606791,44.32200099,SVY-587
squid,NA,NA,0,5.636561108,6.827585591,38.4841034,SVY-587
carrots,NA,NA,0.1111,6.047191506,5.636561108,34.08536446,SVY-587
cabbage,0.794123007,0.761047736,0.5,6.184358628,6.047191506,37.39800097,SVY-587
lettuce,0.784028601,0.755206227,0.0909,6.061022496,6.184358628,37.48353677,SVY-587
breadsticks,NA,NA,0,4.184208613,6.061022496,25.36058253,SVY-587
marinarasauce,NA,NA,NA,,4.184208613,,SVY-587
pizza,NA,NA,NA,6.127115818,,,SVY-587
chickennuggets,NA,NA,0.1667,4.048752458,6.127115818,24.80717523,SVY-587
frenchfries,NA,NA,0.1818,5.216754243,4.048752458,21.12134656,SVY-587
hotdogs,NA,NA,NA,,5.216754243,,SVY-587
hamburgers,NA,NA,NA,,,,SVY-587
cheese,NA,NA,NA,6.784949697,,,SVY-587
yogurt,NA,NA,NA,5.868381667,6.784949697,39.81667441,SVY-587
peanutbutter,NA,NA,NA,5.676114469,5.868381667,33.30960609,SVY-587
soup,NA,NA,0.1,6.6137261,5.676114469,37.54026641,SVY-587
spaghetti,2,2,0.0001,5.757392232,,,SZA-781
applejuice,NA,NA,NA,,5.757392232,,SZA-781
v8,NA,NA,NA,,,,SZA-781
tomatoes,NA,NA,NA,,,,SZA-781
vegetables,0.67683718,0.726589662,NA,6.749523908,,,SZA-781
applecider,NA,NA,NA,,6.749523908,,SZA-781
cranberryjuice,NA,NA,NA,,,,SZA-781
asparagus,NA,NA,NA,5.834790618,,,SZA-781
salmon,0.651858885,0.740208821,0.2222,6.535997664,5.834790618,38.13617785,SZA-781
tunafish,NA,NA,NA,,6.535997664,,SZA-781