"SID","Fluency_Item","Semantic_Similarity","Frequency_Value","Phonological_Similarity"
"528353180","cheese",1e-04,4.57,1e-04
"528353180","coffee",0.692655180559932,4.86,1e-04
"528353180","tea",0.835958368424355,4.73,1e-04
"528353180","soda",0.721757020190267,4.04,1e-04
"528353180","water",0.709162711684952,5.52,1e-04
"528353180","asparagus",0.629260051074457,3.25,1e-04
"528353180","cauliflower",0.822924301839165,3.2,1e-04
"528353180","carrots",0.843339059430423,3.63,0.25
"528353180","salad",0.802474661330948,4.15,0.3333
"528353180","chicken",0.768362588608356,4.63,0.2
"528353180","lemonade",0.744348408733253,3.44,0.2857
"528353180","bananas",0.66676838439456,3.7,0.1429
"528353180","apples",0.788647946435355,3.96,0.2857
"528353180","peaches",0.769515855864536,3.5,0.2
"528353180","corn",0.750735135858692,4.19,1e-04
"528353180","rice",0.768994221052053,4.55,1e-04
"528353180","pork",0.857885363572283,4.03,1e-04
"528353180","sprouts",0.643145425145197,3.23,0.1429
"528353180","sandwich",0.446763110085088,4.13,0.125
"528353180","burger",0.482623022259577,4.07,0.0625
"528353180","sausage",0.438211222211661,3.8,0.375
"528353180","meat",0.79924765339819,4.63,0.1429
"528353180","pie",0.648878100418899,4.19,0.3333
"528353180","snack",0.545180892925566,3.9,0.1429
"956268845","strawberries",1e-04,3.54,1e-04
"956268845","raspberries",0.935822859705771,2.98,0.5556
"956268845","apricots",0.79685977321915,2.74,1e-04
"956268845","bread",0.656674193904692,4.5,0.125
"956268845","jam",0.577888316553073,4.17,1e-04
"956268845","butter",0.755964071906238,4.4,1e-04
"956268845","toast",0.79518930549864,3.96,1e-04
"956268845","burger",0.361333104913511,4.07,1e-04
"956268845","cheese",0.415945091015785,4.57,0.125
"956268845","soda",0.716145867487598,4.04,1e-04
"956268845","water",0.709162711684952,5.52,1e-04
"956268845","milk",0.690024989454382,4.66,1e-04
"956268845","cucumbers",0.69947078229975,3.04,0.125
"956268845","pickles",0.814868249600037,3.48,0.375
"956268845","chocolate",0.791461304485617,4.49,0.1667
"956268845","vanilla",0.825429232465533,3.84,0.1667
"956268845","cinnamon",0.868526650564481,3.7,0.2857
"956268845","sugar",0.819634208296867,4.68,1e-04
"956268845","rosemary",0.598148027852494,3.57,1e-04
"956268845","berries",0.700464200174969,3.57,0.375
"956268845","juice",0.769621685767696,4.36,0.4
"956268845","dessert",0.641568829565553,3.83,0.1
"956268845","juice",0.641568829565553,4.36,0.1
"956268845","spices",0.774516422149829,3.55,1e-04
"956268845","peanuts",0.700258376578039,3.52,1e-04
"956268845","pie",0.664108535049797,4.19,0.3333
"956268845","snack",0.545180892925566,3.9,0.1429
"956268845","juice",0.472812130456922,4.36,0.1
"891411190","grapes",1e-04,3.73,1e-04
"891411190","water",0.553592541299155,5.52,1e-04
"891411190","chips",0.62371861654846,4.21,1e-04
"891411190","cookies",0.60132389735946,4.12,1e-04
"891411190","carrot",0.772334511800142,3.62,0.2
"891411190","soda",0.747485727700214,4.04,0.2
"891411190","apple",0.536866918783653,4.76,1e-04
"891411190","watermelon",0.581126659751738,3.35,0.1111
"891411190","pear",0.636021887448225,3.47,1e-04
"891411190","orange",0.675181266225473,4.62,1e-04
"891411190","pepper",0.634948861713115,4.14,1e-04
"891411190","tomato",0.905201619048371,3.85,1e-04
"891411190","juice",0.832641308637867,4.36,1e-04
"891411190","corn",0.61483013622466,4.19,0.1
"891411190","potatoes",0.802041606762269,4.09,1e-04
"891411190","sprouts",0.706390792653647,3.23,1e-04
"891411190","fruit",0.705040904670165,4.57,0.1111
"891411190","burger",0.150249139319442,4.07,1e-04
"891411190","dessert",0.331362277247122,3.83,1e-04
"891411190","pie",0.749255992028014,4.19,1e-04
"642812588","breakfast",1e-04,4.61,1e-04
"642812588","water",0.329724295649296,5.52,0.1667
"642812588","steak",0.698555743542742,3.97,1e-04
"642812588","apple",0.5840201236313,4.76,1e-04
"642812588","orange",0.710319494634719,4.62,0.2
"642812588","pear",0.675181266225473,3.47,1e-04
"642812588","strawberries",0.773756153899163,3.54,0.1111
"642812588","grapes",0.785214419555328,3.73,0.1111
"642812588","salad",0.627450929043771,4.15,1e-04
"642812588","tomato",0.852498023510892,3.85,1e-04
"642812588","soda",0.804754517507892,4.04,1e-04
"642812588","rolls",0.574366285415724,4.23,0.25
"642812588","pancakes",0.553243537931387,3.59,1e-04
"642812588","bacon",0.713256224443737,4.15,0.1429
"642812588","eggs",0.634962320875807,4.5,1e-04
"642812588","sausage",0.658148147236975,3.8,0.2857
"642812588","lobster",0.782538020240702,3.65,0.1429
"642812588","crab",0.714524568292185,3.76,1e-04
"642812588","burger",0.299779726998269,4.07,0.1429
"642812588","cereals",0.178592995207174,3.2,1e-04
"642812588","snack",0.316744433027615,3.9,1e-04
"642812588","milk",0.510616930020196,4.66,1e-04
"642812588","noodles",0.66165203748251,3.7,0.125
"642812588","electrolyte",0.400807679228384,3.07,1e-04
"642812588","sausage",0.359198945957434,3.8,0.1429
"642812588","dessert",0.689527070166321,3.83,1e-04
"642812588","pie",0.749255992028014,4.19,1e-04
"642812588","snack",0.545180892925566,3.9,0.2222
"642812588","milk",0.510616930020196,4.66,1e-04
"642812588","noodles",0.66165203748251,3.7,0.125
"642812588","breakfast",0.544059664764021,4.61,1e-04
"642812588","milk",0.484478314738167,4.66,0.1429
"823316253","apple",1e-04,4.76,1e-04
"823316253","orange",0.710319494634719,4.62,0.2
"823316253","water",0.358405664067504,5.52,1e-04
"823316253","beer",0.56732341243527,4.7,1e-04
"823316253","chicken",0.729996690950257,4.63,0.2
"823316253","watermelon",0.587516807972047,3.35,0.2222
"823316253","orange",0.524008651789706,4.62,0.2222
"823316253","grapes",0.619149692741568,3.73,0.2
"823316253","steak",0.50563229481956,3.97,0.2
"823316253","ribs",0.534836135927474,3.8,1e-04
"823316253","sprouts",0.565219745695533,3.23,0.1429
"823316253","sprite",0.650373970983252,3.19,1e-04
"823316253","rice",0.432086154272278,4.55,0.4
"823316253","noodles",0.77439507952289,3.7,1e-04
"823316253","soda",0.696999632933607,4.04,0.1429
"823316253","pepper",0.75856652421407,4.14,0.1111
"823316253","sausage",0.765220593014364,3.8,1e-04
"823316253","dessert",0.689527070166321,3.83,1e-04
"823316253","casserole",0.673346081779725,3.07,0.1429
"823316253","meat",0.609267529837603,4.63,0.125
"823316253","soda",0.600180894689161,4.04,0.1111
"823316253","pork",0.766141465037403,4.03,1e-04
"823316253","beef",0.903863205669465,4.29,1e-04
"823316253","cabbage",0.74035804471914,3.55,0.125
"823316253","noodles",0.747964937517339,3.7,0.125
"704925696","juice",1e-04,4.36,1e-04
"704925696","apples",0.718144720196179,3.96,0.1429
"704925696","bananas",0.788647946435355,3.7,0.2857
"704925696","peaches",0.745200449824453,3.5,0.2857
"704925696","oranges",0.829393491820127,3.52,0.2857
"704925696","sprite",0.513355777200091,3.19,1e-04
"704925696","wrap",0.479939965768406,4.2,1e-04
"704925696","milk",0.44165032734164,4.66,1e-04
"704925696","water",0.690024989454382,5.52,0.2857
"704925696","juice",0.687204909132389,4.36,1e-04
"704925696","bread",0.663119673062362,4.5,0.1429
"704925696","sandwiches",0.774419905239653,3.77,0.1111
"704925696","bologna",0.342660184848641,3.25,1e-04
"704925696","turkey",0.385587441432756,4.56,0.1667
"704925696","chicken",0.574227853205176,4.63,0.1429
"704925696","beef",0.824984522378252,4.29,1e-04
"704925696","cereals",0.326704755442256,3.2,1e-04
"704925696","chocolate",0.504308850380309,4.49,0.0714
"704925696","juice",0.785584303687664,4.36,0.0714
"704925696","pepper",0.846999882656265,4.14,0.1429
"704925696","dumpling",0.779833715312832,2.67,0.1111
"704925696","potatoes",0.738619206447926,4.09,0.0909
"704925696","breakfast",0.519577402025769,4.61,0.2222
"704925696","juice",0.356763936783545,4.36,0.1429
"704925696","potatoes",0.713784906978548,4.09,0.1818
"704925696","chicken",0.830538137068076,4.63,0.2727
"704925696","soda",0.635267781523425,4.04,0.1111
"704925696","pie",0.691234729962532,4.19,0.1111
"704925696","pastry",0.577902369084835,3.53,0.25
"704925696","potatoes",0.673533245416595,4.09,0.1818
"704925696","wrap",0.530932970626407,4.2,0.1111
"704925696","soda",0.496260936917381,4.04,0.1111
"704925696","dairy",0.547018987351862,4.09,0.1111
"704925696","wrap",0.435188816667434,4.2,0.1429
"704925696","juice",0.507431755127103,4.36,1e-04
"704925696","breakfast",0.356763936783545,4.61,0.1429
"642390232","cake",1e-04,4.53,1e-04
"642390232","candy",0.776748878528415,4.29,0.1111
"642390232","chocolate",0.762161175777642,4.49,0.0588
"642390232","strawberries",0.751258165758901,3.54,0.1111
"642390232","pop",0.536995080524624,4.87,1e-04
"642390232","cake",0.566881237513791,4.53,1e-04
"642390232","chocolate",0.784538023135897,4.49,0.1176
"642390232","coke",0.521043862248361,4.08,1e-04
"642390232","chocolate",0.521043862248361,4.49,1e-04
"642390232","fruit",0.553363849646906,4.57,0.1765
"642390232","candy",0.548326741466985,4.29,0.2
"642390232","cake",0.776748878528415,4.53,0.1111
"642390232","dessert",0.786345116797922,3.83,1e-04
"642390232","cake",0.786345116797922,4.53,1e-04
"642390232","soda",0.725490290237835,4.04,1e-04
"642390232","pie",0.691234729962532,4.19,0.3333
"642390232","beef",0.793952599959053,4.29,0.0833
"642390232","cake",0.753794976006489,4.53,0.1667
"443681266","sprouts",1e-04,3.23,1e-04
"443681266","chicken",0.609276158518146,4.63,0.2857
"443681266","milk",0.755015383403233,4.66,0.1429
"443681266","lemon",0.759258052169438,4.1,0.1429
"443681266","orange",0.668935479096015,4.62,0.2
"443681266","cheese",0.636735962319181,4.57,1e-04
"443681266","sprite",0.446464279160269,3.19,1e-04
"443681266","coke",0.250175927548083,4.08,1e-04
"443681266","macaroni",0.636949240576149,3.11,0.25
"443681266","celery",0.701280976497397,3.32,0.2857
"443681266","carrots",0.852392151643342,3.63,1e-04
"443681266","tomatoes",0.938305571334158,3.9,0.1429
"443681266","bread",0.709191396933106,4.5,1e-04
"443681266","peppers",0.683926168616434,3.66,1e-04
"443681266","onions",0.916135104446142,3.78,0.1667
"443681266","bacon",0.720893951285478,4.15,0.3333
"443681266","eggs",0.634962320875807,4.5,1e-04
"443681266","icing",0.574739822149114,3.49,1e-04
"443681266","cake",0.631070859529055,4.53,1e-04
"443681266","pie",0.800657651081853,4.19,0.1111
"443681266","cherries",0.709643502243895,3.27,1e-04
"443681266","grapes",0.784056327681833,3.73,1e-04
"443681266","bananas",0.730185881535842,3.7,1e-04
"443681266","pepper",0.690753031994772,4.14,1e-04
"443681266","soda",0.75856652421407,4.04,0.6
"443681266","juice",0.723356414852729,4.36,0.1429
"443681266","soda",0.723356414852729,4.04,0.1429
"443681266","juice",0.723356414852729,4.36,0.1429
"443681266","soda",0.723356414852729,4.04,0.1429
"600164385","juice",1e-04,4.36,1e-04
"600164385","sprouts",0.639641480662266,3.23,0.125
"600164385","water",0.577160576858227,5.52,1e-04
"600164385","apple",0.423717740472808,4.76,1e-04
"600164385","oranges",0.712412683277566,3.52,0.1429
"600164385","soda",0.598299317033766,4.04,1e-04
"600164385","grapes",0.499294187576286,3.73,0.2
"600164385","candy",0.625540472346981,4.29,1e-04
"600164385","steak",0.687187376594081,3.97,1e-04
"600164385","chicken",0.741901326364814,4.63,0.1429
"600164385","pomegranate",0.533628194406952,2.93,1e-04
"600164385","carrots",0.626870198575563,3.63,0.1
"600164385","turkey",0.617558551840908,4.56,1e-04
"600164385","ham",0.446509276474332,4.12,1e-04
"600164385","wraps",0.437855019218594,3.57,0.25
"600164385","lettuce",0.622424034646969,3.56,0.2
"600164385","tomatoes",0.843151715667158,3.9,0.1429
"600164385","spinach",0.842286100570458,3.48,1e-04
"600164385","jelly",0.727785126502558,3.77,1e-04
"600164385","bread",0.689143044759554,4.5,1e-04
"600164385","butter",0.768102521834377,4.4,0.1111
"600164385","meal",0.628569506719116,4.48,0.1429
"600164385","electrolyte",0.224463860547983,3.07,1e-04
"600164385","breakfast",0.255190407809011,4.61,0.0833
"600164385","fruit",0.330014236740984,4.57,0.25
"600164385","juice",0.722264980739632,4.36,0.2222
"600164385","bread",0.663119673062362,4.5,0.1111
"600164385","dessert",0.687538481178941,3.83,0.1111
"600164385","juice",0.641568829565553,4.36,1e-04
"600164385","peanuts",0.622761345717853,3.52,0.1111
"600164385","electrolyte",0.325559864787148,3.07,0.1111
"600164385","wrap",0.255249209566619,4.2,1e-04
"256739546","apple",1e-04,4.76,1e-04
"256739546","banana",0.738730613069228,4,0.1667
"256739546","orange",0.6819262134748,4.62,0.1667
"256739546","chicken",0.506567457891604,4.63,1e-04
"256739546","milk",0.755015383403233,4.66,0.1429
"256739546","soda",0.742931722824079,4.04,1e-04
"256739546","lemonade",0.789341776633279,3.44,0.1429
"256739546","meat",0.694864003026576,4.63,0.125
"256739546","eggs",0.694446397891994,4.5,1e-04
"256739546","sausage",0.658148147236975,3.8,0.2857
"256739546","salad",0.818927788730702,4.15,1e-04
"256739546","milk",0.759155913294142,4.66,1e-04
"256739546","bread",0.750673699677386,4.5,0.1111
"256739546","candy",0.675303408034544,4.29,1e-04
"256739546","ham",0.724534622721626,4.12,0.2
"256739546","fish",0.475291182306163,4.9,1e-04
"256739546","burger",0.231548266447495,4.07,1e-04
"256739546","tea",0.327129023566973,4.73,1e-04
"256739546","juice",0.541591617720917,4.36,1e-04
"256739546","noodles",0.736624728383808,3.7,0.125
"174575632","pastry",1e-04,3.53,1e-04
"174575632","pie",0.577902369084835,4.19,0.1429
"174575632","sandwich",0.666076393428455,4.13,0.0833
"174575632","chips",0.473515763676043,4.21,0.1667
"174575632","soda",0.605719154242534,4.04,0.4
"174575632","sprite",0.425729621985559,3.19,1e-04
"174575632","coke",0.250175927548083,4.08,1e-04
"174575632","turkey",0.41512003626109,4.56,0.125
"174575632","gravy",0.50603366210202,3.48,0.2
"174575632","beans",0.857076031113132,4.14,1e-04
"174575632","bacon",0.735792557904243,4.15,0.2
"174575632","water",0.439777641645974,5.52,1e-04
"174575632","sugar",0.667480368588737,4.68,0.25
"174575632","salt",0.862198241494965,4.6,1e-04
"174575632","pepper",0.869565145434454,4.14,1e-04
"174575632","chicken",0.81918862925111,4.63,1e-04
"174575632","sauce",0.798606852090298,4.3,1e-04
"174575632","nuts",0.555869962165107,4.3,0.1818
"174575632","beverage",0.535188094822747,3.69,1e-04
"174575632","potatoes",0.668369269700964,4.09,0.0909
"174575632","pie",0.726447827758894,4.19,0.1818
"787839024","cereals",1e-04,3.2,1e-04
"787839024","chocolate",0.504308850380309,4.49,0.1429
"787839024","apples",0.653929276664889,3.96,0.1667
"787839024","candy",0.714457865486713,4.29,0.2
"787839024","soda",0.618265725621212,4.04,0.2
"787839024","water",0.709162711684952,5.52,1e-04
"787839024","juice",0.687204909132389,4.36,1e-04
"787839024","sweets",0.659505295654241,3.62,0.125
"787839024","meats",0.708182744888513,3.48,0.6
"787839024","dairy",0.534047785278709,4.09,1e-04
"787839024","fruits",0.464964476107586,4.07,1e-04
"787839024","apples",0.731224582721207,3.96,1e-04
"787839024","bananas",0.788647946435355,3.7,0.2857
"787839024","onions",0.726380701451881,3.78,0.2857
"787839024","oatmeal",0.773274666899813,3.37,1e-04
"787839024","corn",0.68137499652378,4.19,1e-04
"787839024","celery",0.670127861597659,3.32,1e-04
"787839024","onions",0.825231739579697,3.78,1e-04
"787839024","milk",0.78424912028724,4.66,1e-04
"787839024","cheese",0.771957599024519,4.57,1e-04
"787839024","toast",0.755958350922954,3.96,0.1111
"787839024","breakfast",0.713850394633952,4.61,1e-04
"787839024","beans",0.466760128053076,4.14,0.125
"787839024","peppers",0.839842512077082,3.66,0.5556
"787839024","pie",0.762480650944863,4.19,0.1111
"787839024","spices",0.677572789837527,3.55,0.125
"787839024","vegetable",0.702889494908358,3.94,1e-04
"787839024","breakfast",0.315907801599993,4.61,1e-04
"706477239","juice",1e-04,4.36,1e-04
"706477239","potato",0.798915153209134,4.11,1e-04
"706477239","wrap",0.544395041337297,4.2,1e-04
"706477239","cheese",0.484702820037208,4.57,0.2
"706477239","pickles",0.696972738290248,3.48,1e-04
"706477239","cheese",0.696972738290248,4.57,1e-04
"706477239","water",0.540976890734231,5.52,0.1429
"706477239","tea",0.477760445222182,4.73,0.2
"706477239","cake",0.748146635740016,4.53,1e-04
"706477239","apples",0.755942165246745,3.96,0.1111
"706477239","bananas",0.788647946435355,3.7,0.2857
"706477239","oranges",0.739057102200434,3.52,0.4286
"706477239","vegetable",0.664042119005176,3.94,1e-04
"706477239","beef",0.601427801401341,4.29,1e-04
"706477239","ham",0.757769245622062,4.12,1e-04
"706477239","turkey",0.446509276474332,4.56,1e-04
"706477239","peas",0.654095456256672,3.65,1e-04
"706477239","carrots",0.800029800770597,3.63,1e-04
"706477239","corn",0.756762174694449,4.19,0.3333
"706477239","chicken",0.659851537389987,4.63,1e-04
"706477239","biscuits",0.70336099035706,3.6,1e-04
"706477239","coke",0.48581849972433,4.08,0.125
"706477239","sprite",0.250175927548083,3.19,1e-04
"706477239","fried",0.429786200810164,4.06,0.4
"706477239","burger",0.360621393205663,4.07,1e-04
"706477239","beverage",0.372300234337274,3.69,1e-04
"706477239","macaroni",0.733527118264143,3.11,0.1538
"706477239","potatoes",0.683528376636149,4.09,0.2308
"706477239","juice",0.713784906978548,4.36,0.0909
"706477239","soda",0.723356414852729,4.04,0.1429
"706477239","pie",0.691234729962532,4.19,0.4
"706477239","wrap",0.526401705475392,4.2,1e-04
"663737401","juice",1e-04,4.36,1e-04
"663737401","sage",0.524525940995567,3.83,0.2857
"663737401","burger",0.219060362326141,4.07,1e-04
"663737401","soup",0.364723872771996,4.15,0.0769
"663737401","fat",0.560281632834767,4.85,0.0769
"663737401","water",0.376000366105916,5.52,0.25
"663737401","pop",0.347817456359477,4.87,1e-04
"663737401","soup",0.34961897245929,4.15,0.0769
"663737401","coke",0.420336079325367,4.08,0.0769
"663737401","water",0.24315585445464,5.52,1e-04
"663737401","toast",0.453860755672482,3.96,0.1111
"663737401","pancakes",0.756361897019075,3.59,0.2222
"663737401","juice",0.630606120635524,4.36,0.1429
"663737401","burger",0.260411326595478,4.07,0.125
"663737401","sandwich",0.482623022259577,4.13,0.1875
"663737401","pie",0.666076393428455,4.19,0.25
"663737401","breakfast",0.542591236704486,4.61,1e-04
"836762645","beans",1e-04,4.14,1e-04
"836762645","sprouts",0.659192858811858,3.23,0.25
"836762645","candy",0.553621212813948,4.29,0.1111
"836762645","cauliflower",0.746065133971145,3.2,0.1111
"836762645","toast",0.75769395405786,3.96,1e-04
"836762645","butter",0.79518930549864,4.4,0.1111
"836762645","cheese",0.803389820908128,4.57,0.1429
"836762645","crackers",0.770363411980809,3.45,1e-04
"836762645","fish",0.579802046305816,4.9,1e-04
"836762645","lobster",0.769434457969787,3.65,1e-04
"836762645","crab",0.714524568292185,3.76,1e-04
"836762645","bread",0.468031083762913,4.5,0.1111
"836762645","shrimp",0.633302782146436,3.79,1e-04
"836762645","lettuce",0.780858388347854,3.56,1e-04
"836762645","carrots",0.838034924996244,3.63,0.3333
"836762645","beans",0.853257746618485,4.14,0.125
"836762645","macaroni",0.746268787465772,3.11,0.2222
"836762645","dessert",0.73096422965378,3.83,0.2222
"836762645","sausage",0.689527070166321,3.8,1e-04
"836762645","pie",0.784370144641056,4.19,0.1429
"836762645","fish",0.647406006221739,4.9,0.2
"074803396","bread",1e-04,4.5,1e-04
"074803396","berries",0.664539142708871,3.57,0.1
"074803396","sprouts",0.812146507532504,3.23,0.25
"074803396","coke",0.350894071789795,4.08,0.25
"074803396","strawberries",0.387240042640544,3.54,1e-04
"074803396","bananas",0.770854006113776,3.7,0.1111
"074803396","grapes",0.730185881535842,3.73,1e-04
"074803396","dessert",0.644076602027009,3.83,0.1
"074803396","fruit",0.626604489350312,4.57,0.1
"074803396","macaroni",0.402631964125148,3.11,0.1538
"074803396","soda",0.699524752584872,4.04,0.0769
"074803396","pie",0.691234729962532,4.19,0.4
"074803396","dessert",0.749255992028014,3.83,0.2
"074803396","beer",0.690062715997847,4.7,1e-04
"074803396","beverage",0.693592185301593,3.69,0.25
"074803396","bread",0.581035792949432,4.5,0.1
"613426003","peppers",1e-04,3.66,1e-04
"613426003","olives",0.714759520734647,3.35,0.1111
"613426003","burger",0.474012128148762,4.07,0.1111
"613426003","cereals",0.178592995207174,3.2,0.125
"613426003","cherries",0.343188370480186,3.27,0.4286
"613426003","fried",0.704868160274785,4.06,0.2
"613426003","ketchup",0.826964783203846,3.46,1e-04
"613426003","mustard",0.717407623849414,3.69,1e-04
"613426003","lettuce",0.726393572396926,3.56,0.1667
"613426003","onions",0.883151655231843,3.78,0.1667
"613426003","pickles",0.82413760640613,3.48,0.3333
"613426003","tomatoes",0.836604554484195,3.9,0.1429
"613426003","buns",0.792036029974937,3.39,0.1429
"613426003","beer",0.668893396930051,4.7,1e-04
"613426003","wine",0.762064482264058,4.74,1e-04
"613426003","bread",0.6266515817957,4.5,0.1
"613426003","cheese",0.735175511829064,4.57,0.1
"613426003","ham",0.71313127502554,4.12,1e-04
"613426003","turkey",0.446509276474332,4.56,1e-04
"613426003","steak",0.397465169502075,3.97,0.25
"613426003","lobster",0.75751716790292,3.65,0.1667
"613426003","crab",0.714524568292185,3.76,1e-04
"613426003","shrimp",0.632794501961765,3.79,0.2
"613426003","biscuits",0.610447574923985,3.6,1e-04
"613426003","cucumbers",0.783552786282856,3.04,0.25
"613426003","gravy",0.857546061784873,3.48,1e-04
"613426003","sausage",0.817143303503289,3.8,0.1429
"613426003","beef",0.830059998319777,4.29,1e-04
"613426003","ham",0.757769245622062,4.12,1e-04
"613426003","mushrooms",0.682597767263526,3.71,0.1429
"613426003","onions",0.878448444614721,3.78,0.2857
"613426003","peppers",0.916135104446142,3.66,0.125
"613426003","water",0.589643163408794,5.52,0.125
"613426003","sprite",0.395398128937608,3.19,1e-04
"613426003","macaroni",0.406478318218527,3.11,1e-04
"613426003","potatoes",0.683528376636149,4.09,0.3636
"613426003","mayonnaise",0.709099154297377,3.24,0.2727
"613426003","pastry",0.703279192322234,3.53,0.1667
"613426003","sauce",0.690501507179089,4.3,0.5
"613426003","sausage",0.786826808745293,3.8,0.2857
"613426003","sauce",0.786826808745293,4.3,0.2857
"613426003","chips",0.526406864109246,4.21,0.3
"613426003","peppers",0.667573066477525,3.66,1e-04
"613426003","rice",0.801807784645043,4.55,1e-04
"492566573","juice",1e-04,4.36,1e-04
"492566573","sprouts",0.639641480662266,3.23,0.125
"492566573","pepper",0.644142611777227,4.14,1e-04
"492566573","macaroni",0.756795978987273,3.11,1e-04
"492566573","water",0.438364202483406,5.52,1e-04
"492566573","chicken",0.51645145332489,4.63,0.1429
"492566573","sprite",0.487773720276893,3.19,1e-04
"492566573","ribs",0.315847643766545,3.8,1e-04
"492566573","lemonade",0.434652012228219,3.44,1e-04
"492566573","cheese",0.742562000061827,4.57,1e-04
"492566573","milk",0.771957599024519,4.66,0.1429
"492566573","juice",0.746774467534889,4.36,1e-04
"492566573","pie",0.687434541216453,4.19,0.1429
"492566573","beer",0.673898612466174,4.7,0.1667
"492566573","soda",0.752547418536577,4.04,1e-04
"492566573","tea",0.721757020190267,4.73,0.1429
"482082763","juice",1e-04,4.36,1e-04
"482082763","coffee",0.556066155071685,4.86,1e-04
"482082763","milk",0.710394981746285,4.66,1e-04
"482082763","apple",0.587245915702055,4.76,0.1429
"482082763","pie",0.693117877961649,4.19,1e-04
"482082763","cake",0.800657651081853,4.53,1e-04
"482082763","banana",0.686364699340736,4,0.3333
"482082763","water",0.567784560923185,5.52,1e-04
"482082763","chocolate",0.534528649368575,4.49,1e-04
"482082763","crackers",0.832505392109054,3.45,0.125
"482082763","onions",0.820215796659933,3.78,0.25
"482082763","garlic",0.84968802464893,3.92,1e-04
"482082763","strawberries",0.760615067830884,3.54,0.1111
"482082763","cheese",0.714773102564378,4.57,1e-04
"482082763","pancakes",0.729861091840156,3.59,1e-04
"482082763","bacon",0.713256224443737,4.15,0.1429
"482082763","eggs",0.634962320875807,4.5,1e-04
"482082763","beef",0.759802221098059,4.29,1e-04
"482082763","pig",0.621351553784188,4.14,1e-04
"482082763","fruit",0.491593145791128,4.57,1e-04
"482082763","crackers",0.541320694714668,3.45,1e-04
"482082763","noodles",0.820172118265456,3.7,0.125
"482082763","breakfast",0.544059664764021,4.61,1e-04
"643791071","sprouts",1e-04,3.23,1e-04
"643791071","potatoes",0.706390792653647,4.09,0.0909
"643791071","soda",0.671981300228869,4.04,0.1818
"643791071","grapes",0.499294187576286,3.73,0.1429
"643791071","fish",0.606265074046832,4.9,1e-04
"643791071","chicken",0.626371358374504,4.63,0.2
"643791071","pears",0.592982672690895,3.16,0.1429
"643791071","apples",0.762879248300222,3.96,0.4
"643791071","bananas",0.788647946435355,3.7,0.2857
"643791071","turkey",0.66262345565567,4.56,1e-04
"643791071","dressing",0.349258732068377,4.17,1e-04
"643791071","ham",0.480907792126297,4.12,1e-04
"643791071","salad",0.699621360540855,4.15,0.2
"643791071","candy",0.645503803061364,4.29,0.1111
"643791071","lemons",0.754219966171684,3.29,0.2222
"643791071","oranges",0.836333279341368,3.52,0.2857
"643791071","dessert",0.664113188008466,3.83,1e-04
"643791071","fruit",0.626604489350312,4.57,1e-04
"643791071","potatoes",0.676472168229542,4.09,0.1818
"643791071","pie",0.726447827758894,4.19,0.2727
"643791071","potatoes",0.726447827758894,4.09,0.2727
"643791071","dairy",0.561034808265704,4.09,1e-04
"072141573","nuts",1e-04,4.3,1e-04
"072141573","pepper",0.628043996144564,4.14,1e-04
"072141573","fruit",0.534518613555169,4.57,1e-04
"072141573","gravy",0.632835352346913,3.48,0.125
"072141573","peanuts",0.733359453037204,3.52,1e-04
"072141573","bread",0.687873137423734,4.5,0.1111
"072141573","bark",0.455861041761789,3.85,0.1
"072141573","soda",0.405254567049678,4.04,0.1429
"072141573","water",0.709162711684952,5.52,1e-04
"072141573","brownies",0.36306815728847,3.19,1e-04
"072141573","cookies",0.613310186612458,4.12,0.3333
"072141573","chocolate",0.745327910623388,4.49,0.1667
"072141573","milk",0.776978350062711,4.66,1e-04
"072141573","lemonade",0.762533850600442,3.44,1e-04
"072141573","noodles",0.796809694890012,3.7,1e-04
"072141573","tomatoes",0.866623719075221,3.9,0.1429
"072141573","peppers",0.908080282325758,3.66,0.125
"072141573","celery",0.820291152208935,3.32,0.25
"072141573","jelly",0.733976394202944,3.77,0.6
"072141573","plums",0.63388411968088,2.97,1e-04
"072141573","limes",0.538588075571914,2.85,0.6
"072141573","lemons",0.626904737265868,3.29,0.5
"072141573","jelly",0.77024691054799,3.77,0.1667
"072141573","juice",0.778201395965481,4.36,0.125
"072141573","macaroni",0.631578503510725,3.11,0.2222
"072141573","fruit",0.402631964125148,4.57,1e-04
"072141573","juice",0.722264980739632,4.36,0.125
"072141573","pastry",0.639913343794355,3.53,1e-04
"072141573","peanuts",0.676692982513492,3.52,0.2222
"072141573","beer",0.635075478132302,4.7,0.2222
"072141573","noodles",0.711951890591499,3.7,1e-04
"072141573","fruit",0.573173109183332,4.57,0.125
"566255711","coke",1e-04,4.08,1e-04
"566255711","dairy",0.360733886634555,4.09,0.0833
"566255711","soda",0.547018987351862,4.04,0.1111
"566255711","rice",0.715419284419284,4.55,0.1429
"566255711","chicken",0.736303319816444,4.63,1e-04
"566255711","turkey",0.574227853205176,4.56,0.1429
"566255711","sprite",0.510838354400028,3.19,1e-04
"566255711","soda",0.425729621985559,4.04,0.5556
"566255711","rice",0.715419284419284,4.55,0.1429
"566255711","dairy",0.615613290971707,4.09,1e-04
"692791869","cider",1e-04,3.5,1e-04
"692791869","pie",0.717924759891221,4.19,0.25
"692791869","bread",0.673036542790538,4.5,0.1111
"692791869","melon",0.484889961178063,3.32,1e-04
"692791869","cheese",0.721649519454425,4.57,1e-04
"692791869","chocolate",0.765135515132709,4.49,0.1333
"692791869","dessert",0.793921582573153,3.83,0.1333
"692791869","pie",0.749255992028014,4.19,0.1667
"692791869","chips",0.579793481204566,4.21,0.1429
"692791869","sausage",0.601968753242958,3.8,0.2143
"692791869","dessert",0.689527070166321,3.83,1e-04
"692791869","soda",0.710928417292761,4.04,0.0833
"692791869","cake",0.725490290237835,4.53,0.1667
"692791869","rolls",0.525938812374207,4.23,0.1667
"692791869","cranberries",0.597190692305728,2.79,0.2222
"692791869","raspberries",0.961681314226682,2.98,0.7778
"692791869","watermelon",0.648660942367004,3.35,0.1111
"692791869","strawberries",0.667076073597958,3.54,0.1111
"692791869","peaches",0.84922851183682,3.5,0.1111
"692791869","water",0.595242778441651,5.52,1e-04
"692791869","juice",0.687204909132389,4.36,1e-04
"692791869","wine",0.644544002726959,4.74,0.125
"692791869","chips",0.348548987840639,4.21,0.0714
"692791869","macaroni",0.401884255881664,3.11,0.1429
"692791869","salad",0.740353229770201,4.15,0.2308
"692791869","pie",0.797105327724589,4.19,0.1538
"692791869","dumpling",0.818017207998811,2.67,1e-04
"692791869","cake",0.789536065367364,4.53,0.1667
"692791869","salad",0.772492096741965,4.15,1e-04
"692791869","noodles",0.735051330459179,3.7,1e-04
"692791869","dessert",0.689404835270993,3.83,0.0833
"823246566","juice",1e-04,4.36,1e-04
"823246566","sauce",0.807790412228589,4.3,0.25
"823246566","berries",0.649588197504411,3.57,1e-04
"823246566","coke",0.402084674632816,4.08,1e-04
"823246566","fat",0.4148890900238,4.85,1e-04
"823246566","juice",0.498049237875145,4.36,1e-04
"823246566","dessert",0.641568829565553,3.83,1e-04
"823246566","beverage",0.743307112590556,3.69,1e-04
"823246566","chicken",0.589822338663438,4.63,1e-04
"823246566","ketchup",0.735917775164601,3.46,1e-04
"823246566","steak",0.826418422861984,3.97,1e-04
"823246566","shrimp",0.713788976231386,3.79,1e-04
"823246566","ribs",0.581347336094981,3.8,0.4
"823246566","cookies",0.400678491270416,4.12,0.2
"823246566","fruit",0.478356494999588,4.57,1e-04
"823246566","cake",0.616296493552143,4.53,1e-04
"823246566","water",0.494134655110189,5.52,0.0833
"823246566","cherry",0.572692552431703,4.18,1e-04
"823246566","apple",0.813738718106271,4.76,1e-04
"823246566","strawberry",0.737907666223748,3.72,1e-04
"823246566","banana",0.707222516723232,4,1e-04
"823246566","milk",0.695585414649889,4.66,1e-04
"823246566","pop",0.388041893888063,4.87,1e-04
"823246566","milk",0.388041893888063,4.66,1e-04
"823246566","juice",0.746774467534889,4.36,1e-04
"823246566","pie",0.687434541216453,4.19,0.1429
"823246566","snack",0.545180892925566,3.9,0.1429
"823246566","beverage",0.440238966845277,3.69,1e-04
"823246566","tangerines",0.522979616916056,2.29,1e-04
"459233509","juice",1e-04,4.36,1e-04
"459233509","breakfast",0.356763936783545,4.61,1e-04
"459233509","cereals",0.234444570937958,3.2,0.4286
"459233509","snack",0.316744433027615,3.9,0.1765
"459233509","juice",0.472812130456922,4.36,0.1176
"459233509","snack",0.472812130456922,3.9,0.1176
"459233509","electrolyte",0.276922795560497,3.07,0.0588
"459233509","rice",0.493753842731241,4.55,1e-04
"459233509","sprite",0.432086154272278,3.19,1e-04
"459233509","lemonade",0.540090227834723,3.44,1e-04
"459233509","coke",0.421402019447197,4.08,0.125
"459233509","chicken",0.410216610003715,4.63,0.25
"459233509","macaroni",0.714555038362408,3.11,0.2308
"459233509","greens",0.531722440883246,3.86,0.1538
"459233509","fish",0.56890708841268,4.9,0.2
"459233509","pop",0.401464593329304,4.87,1e-04
"459233509","water",0.347817456359477,5.52,1e-04
"459233509","meats",0.487051145323516,3.48,0.25
"459233509","sausages",0.785351630205791,3.3,1e-04
"459233509","bacon",0.793939655974986,4.15,1e-04
"459233509","eggs",0.634962320875807,4.5,1e-04
"459233509","biscuits",0.763171357880934,3.6,1e-04
"459233509","bananas",0.640711196051562,3.7,0.1429
"459233509","juice",0.629145850578011,4.36,0.25
"459233509","soda",0.723356414852729,4.04,0.1429
"459233509","electrolyte",0.513870111443815,3.07,0.1667
"459233509","snack",0.276922795560497,3.9,0.0588
"459233509","noodles",0.618128389792617,3.7,1e-04
"588241255","sprouts",1e-04,3.23,1e-04
"588241255","sausage",0.538426199954298,3.8,1e-04
"588241255","coke",0.478749402035254,4.08,1e-04
"588241255","pepper",0.501714304426257,4.14,1e-04
"588241255","crackers",0.768281707751679,3.45,0.125
"588241255","breakfast",0.494077160825329,4.61,0.0833
"588241255","dessert",0.706927552485334,3.83,0.0833
"588241255","macaroni",0.73096422965378,3.11,0.1538
"588241255","soda",0.699524752584872,4.04,0.0769
"588241255","grape",0.526102100829572,3.7,0.1111
"588241255","cheese",0.602081876281118,4.57,1e-04
"588241255","meat",0.717408555996621,4.63,0.1667
"588241255","coke",0.395036554191107,4.08,1e-04
"588241255","orange",0.53903910239307,4.62,0.1111
"588241255","sprite",0.513962676456066,3.19,1e-04
"588241255","grape",0.561369492278501,3.7,0.2
"588241255","cherry",0.752327324742624,4.18,1e-04
"588241255","chips",0.684273692452155,4.21,0.1429
"588241255","cookies",0.60132389735946,4.12,0.1429
"588241255","corn",0.588461256387872,4.19,0.2
"588241255","apple",0.668578074789151,4.76,1e-04
"588241255","pineapple",0.850288675910171,3.58,0.4286
"588241255","strawberries",0.783185788633258,3.54,1e-04
"588241255","ham",0.692645658877185,4.12,1e-04
"588241255","chicken",0.716631881303409,4.63,0.1429
"588241255","pork",0.810219698887985,4.03,1e-04
"588241255","pastry",0.739947975891009,3.53,1e-04
"588241255","soda",0.671240457348275,4.04,1e-04
"588241255","pie",0.691234729962532,4.19,0.1111
"588241255","rolls",0.431447235515232,4.23,0.5556
"588241255","snack",0.468948684832727,3.9,0.2222
"588241255","beer",0.663205738971649,4.7,0.1429
"588241255","crackers",0.786196042840195,3.45,1e-04
"588241255","soda",0.760088106406576,4.04,0.0909
"588241255","coke",0.44367524534964,4.08,0.1111
"326924228","juice",1e-04,4.36,1e-04
"326924228","bread",0.663119673062362,4.5,0.2222
"326924228","chicken",0.72205919271004,4.63,0.2
"326924228","cereals",0.308596415334798,3.2,0.2
"326924228","soda",0.397230852851188,4.04,0.375
"326924228","juice",0.723356414852729,4.36,1e-04
"326924228","water",0.687204909132389,5.52,1e-04
"326924228","soda",0.709162711684952,4.04,1e-04
"326924228","pastry",0.671240457348275,3.53,0.125
"326924228","milk",0.649811483642822,4.66,1e-04
"326924228","apples",0.676929300258667,3.96,1e-04
"326924228","fruit",0.814073640219973,4.57,1e-04
"326924228","grapes",0.750039251602959,3.73,1e-04
"326924228","coffee",0.491938876893726,4.86,1e-04
"326924228","pie",0.633543018260675,4.19,1e-04
"326924228","dumpling",0.818017207998811,2.67,1e-04
"326924228","noodles",0.720819850951906,3.7,0.1429
"703247569","bread",1e-04,4.5,1e-04
"703247569","pie",0.673036542790538,4.19,0.0714
"703247569","coke",0.487631656439852,4.08,0.0714
"703247569","potatoes",0.549952588359743,4.09,0.125
"703247569","pie",0.726447827758894,4.19,0.125
"703247569","breakfast",0.542591236704486,4.61,0.1429
"703247569","dip",0.410061717248486,4.05,0.0833
"703247569","burger",0.274875116721101,4.07,1e-04
"703247569","chocolate",0.456700226415784,4.49,0.1429
"703247569","sausage",0.735594767234588,3.8,1e-04
"703247569","casserole",0.690284545980696,3.07,0.2
"703247569","potatoes",0.650023451966192,4.09,1e-04
"703247569","cheese",0.800199062473783,4.57,0.1
"703247569","chips",0.558081757856679,4.21,0.1
"703247569","pie",0.579793481204566,4.19,0.125
"703247569","sausage",0.784370144641056,3.8,0.5
"703247569","milk",0.749088063350259,4.66,1e-04
"703247569","coke",0.424048716492458,4.08,0.1429
"703247569","sprite",0.250175927548083,3.19,1e-04
"703247569","corn",0.5586348900598,4.19,0.2
"703247569","peas",0.783389167122535,3.65,1e-04
"703247569","grapes",0.736626403495169,3.73,1e-04
"703247569","apple",0.598330215472481,4.76,1e-04
"703247569","bananas",0.697301866024301,3.7,0.2857
"703247569","cheese",0.716618139828443,4.57,0.2
"703247569","bread",0.735175511829064,4.5,0.1
"703247569","dessert",0.687538481178941,3.83,0.1
"703247569","chips",0.478601834564978,4.21,0.4
"703247569","snack",0.678252024942515,3.9,0.25
"703247569","sausage",0.730817486747945,3.8,0.0833
"703247569","candy",0.701230972287858,4.29,0.1429
"703247569","noodles",0.700648466312494,3.7,0.1429
"703247569","soda",0.696999632933607,4.04,0.1429
"703247569","potatoes",0.671981300228869,4.09,0.125
"717306362","grill",1e-04,3.84,1e-04
"717306362","macaroni",0.733807451370727,3.11,1e-04
"717306362","soda",0.699524752584872,4.04,0.1538
"717306362","water",0.709162711684952,5.52,1e-04
"717306362","chicken",0.51645145332489,4.63,0.1
"717306362","burger",0.458541038294662,4.07,1e-04
"717306362","rice",0.354566312687343,4.55,1e-04
"717306362","steak",0.80882734842502,3.97,0.125
"717306362","chinese",0.312561743681446,5.01,1e-04
"717306362","rice",0.47496141453722,4.55,1e-04
"717306362","juice",0.7637228454354,4.36,0.25
"717306362","orange",0.600492445211749,4.62,0.625
"717306362","lemon",0.668935479096015,4.1,0.2
"717306362","apple",0.635253455445914,4.76,0.2
"717306362","pear",0.749880679274461,3.47,0.25
"717306362","lemon",0.643322939916848,4.1,0.2
"717306362","pie",0.783845192949142,4.19,1e-04
"717306362","noodles",0.676803667722623,3.7,0.1429
"207817079","cereals",1e-04,3.2,1e-04
"207817079","coke",0.297992729806962,4.08,1e-04
"207817079","peanuts",0.460906468289507,3.52,0.2222
"207817079","chips",0.791408501862725,4.21,1e-04
"207817079","candies",0.593461812686901,3.14,1e-04
"207817079","pop",0.315900001715768,4.87,1e-04
"207817079","lemonade",0.547349698681004,3.44,1e-04
"207817079","pies",0.678367605280178,3.58,1e-04
"207817079","cakes",0.825404928510026,3.85,1e-04
"207817079","brownies",0.627558848223975,3.19,1e-04
"207817079","sandwich",0.509057104558733,4.13,0.125
"207817079","fish",0.637850980926276,4.9,0.2857
"207817079","chicken",0.626371358374504,4.63,0.1429
"207817079","pie",0.769884254694676,4.19,1e-04
"207817079","fish",0.647406006221739,4.9,1e-04
"691038073","sprouts",1e-04,3.23,1e-04
"691038073","fruit",0.705040904670165,4.57,0.2857
"691038073","mayonnaise",0.522825903730366,3.24,1e-04
"691038073","soda",0.776314093572506,4.04,1e-04
"691038073","corn",0.572027765271239,4.19,0.1429
"691038073","potatoes",0.802041606762269,4.09,1e-04
"691038073","tomato",0.827054463661196,3.85,0.3636
"691038073","steak",0.811468065406923,3.97,0.1667
"691038073","apple",0.5840201236313,4.76,1e-04
"691038073","oranges",0.712412683277566,3.52,0.1429
"691038073","banana",0.742604502756359,4,0.2857
"691038073","plums",0.73235342507833,2.97,1e-04
"691038073","water",0.36996414527208,5.52,1e-04
"691038073","bread",0.601056636964418,4.5,0.1111
"691038073","turkey",0.458203838521455,4.56,0.2222
"691038073","mustard",0.551543202821688,3.69,1e-04
"691038073","lettuce",0.726393572396926,3.56,0.1667
"691038073","carrots",0.838034924996244,3.63,0.3333
"691038073","radishes",0.784940964322822,2.67,0.1429
"691038073","beets",0.772364226873574,3.07,1e-04
"691038073","cauliflower",0.700076651670819,3.2,1e-04
"691038073","beans",0.829279801136341,4.14,1e-04
"691038073","potatoes",0.844822404124741,4.09,0.1818
"622425100","milk",1e-04,4.66,1e-04
"622425100","juice",0.746774467534889,4.36,0.0909
"622425100","berries",0.769621685767696,3.57,1e-04
"622425100","muffins",0.649635021282889,3.24,0.6154
"622425100","bread",0.636295068587477,4.5,0.0769
"622425100","wrap",0.588418917837307,4.2,1e-04
"622425100","noodles",0.564104703186077,3.7,0.1429
"622425100","milk",0.66165203748251,4.66,0.1818
"622425100","bread",0.750673699677386,4.5,0.0909
"622425100","electrolyte",0.245361477668104,3.07,0.1111
"622425100","breakfast",0.255190407809011,4.61,1e-04
"622425100","burger",0.363936308289897,4.07,1e-04
"622425100","sausage",0.438211222211661,3.8,0.2857
"622425100","casserole",0.690284545980696,3.07,1e-04
"622425100","potatoes",0.650023451966192,4.09,1e-04
"622425100","juice",0.713784906978548,4.36,0.0909
"622425100","peanuts",0.622761345717853,3.52,0.1111
"622425100","chicken",0.687030252733648,4.63,0.1111
"622425100","rice",0.736303319816444,4.55,1e-04
"622425100","corn",0.768994221052053,4.19,1e-04
"622425100","celery",0.670127861597659,3.32,1e-04
"622425100","water",0.557938887968294,5.52,0.2
"622425100","turkey",0.284906596241474,4.56,1e-04
"622425100","ham",0.446509276474332,4.12,1e-04
"622425100","wings",0.190812781719319,4.44,1e-04
"622425100","electrolyte",0.231906294323173,3.07,1e-04
"622425100","apples",0.232218975587985,3.96,1e-04
"622425100","oranges",0.781538779205247,3.52,0.2857
"622425100","strawberry",0.770597423476236,3.72,0.125
"622425100","raspberries",0.886793841340949,2.98,0.375
"622425100","noodles",0.784985013728524,3.7,0.125
"622425100","breakfast",0.544059664764021,4.61,0.2727
"329415851","juice",1e-04,4.36,1e-04
"329415851","cereals",0.454902813606421,3.2,1e-04
"329415851","crackers",0.429281190210028,3.45,1e-04
"329415851","soup",0.688782764363931,4.15,0.1111
"329415851","juice",0.697188503058039,4.36,0.1111
"329415851","chocolate",0.785584303687664,4.49,1e-04
"329415851","macaroni",0.726530630590925,3.11,0.0769
"329415851","juice",0.631578503510725,4.36,0.1538
"329415851","chicken",0.724222765647275,4.63,0.125
"329415851","water",0.51645145332489,5.52,0.1
"329415851","pop",0.347817456359477,4.87,1e-04
"329415851","steak",0.493698704323609,3.97,1e-04
"329415851","bread",0.710401534484336,4.5,1e-04
"329415851","milk",0.750673699677386,4.66,0.0909
"329415851","bananas",0.647207278082723,3.7,0.0909
"329415851","apples",0.788647946435355,3.96,0.2857
"329415851","oranges",0.781538779205247,3.52,0.2857
"329415851","grapes",0.715985959893521,3.73,0.1429
"329415851","lettuce",0.616776043193063,3.56,0.2
"329415851","crackers",0.789970922908234,3.45,0.25
"329415851","tea",0.624890590630647,4.73,0.25
"329415851","tomato",0.670957799356224,3.85,0.1111
"329415851","soup",0.817073093111072,4.15,0.7778
"934821408","juice",1e-04,4.36,1e-04
"934821408","pop",0.442587879819627,4.87,0.1429
"934821408","food",0.194584525287739,5.4,1e-04
"934821408","water",0.571415622902703,5.52,1e-04
"934821408","chew",0.586492785047875,3.66,1e-04
"934821408","orange",0.454709146450043,4.62,1e-04
"934821408","beer",0.337225994368942,4.7,1e-04
"808413379","berries",1e-04,3.57,1e-04
"808413379","sprouts",0.812146507532504,3.23,0.25
"808413379","beans",0.659192858811858,4.14,0.125
"808413379","burger",0.37895032976918,4.07,0.125
"808413379","dessert",0.331362277247122,3.83,1e-04
"808413379","fruit",0.626604489350312,4.57,0.1667
"808413379","meat",0.623296283728076,4.63,0.1667
"808413379","pie",0.648878100418899,4.19,0.3333
"808413379","banana",0.71667885110202,4,0.1667
"808413379","apple",0.738730613069228,4.76,0.1667
"808413379","water",0.423717740472808,5.52,1e-04
"808413379","soda",0.709162711684952,4.04,1e-04
"808413379","orange",0.436115021177681,4.62,1e-04
"808413379","strawberry",0.68334572109607,3.72,0.125
"808413379","chocolate",0.759280440024671,4.49,0.2222
"808413379","beer",0.670441958926905,4.7,1e-04
"808413379","chips",0.500790895763451,4.21,1e-04
"808413379","chicken",0.569947641462421,4.63,0.1429
"808413379","beef",0.824984522378252,4.29,0.2
"808413379","bacon",0.742885054975022,4.15,0.0833
"808413379","steak",0.667231467615118,3.97,0.2
"808413379","peas",0.678912944681867,3.65,1e-04
"808413379","carrots",0.800029800770597,3.63,1e-04
"808413379","spinach",0.816337881682249,3.48,1e-04
"808413379","corn",0.605405067518025,4.19,0.1667
"808413379","cherries",0.791358538496742,3.27,0.2
"737589046","cheese",1e-04,4.57,1e-04
"737589046","toast",0.755958350922954,3.96,1e-04
"737589046","electrolyte",0.268916806781825,3.07,0.1111
"737589046","dessert",0.381395214414732,3.83,1e-04
"737589046","electrolyte",0.381395214414732,3.07,1e-04
"737589046","lemonade",0.397241618941126,3.44,0.1429
"737589046","chips",0.593818397127308,4.21,1e-04
"737589046","gingerbread",0.718092682747966,3.03,1e-04
"737589046","cake",0.765404956642082,4.53,1e-04
"737589046","cookies",0.769427268108709,4.12,0.0833
"737589046","turkey",0.603629138659462,4.56,0.4
"737589046","ham",0.446509276474332,4.12,1e-04
"737589046","eggs",0.708318297633866,4.5,1e-04
"737589046","peanuts",0.749752327550951,3.52,1e-04
"527814045","potatoes",1e-04,4.09,1e-04
"527814045","bread",0.781919913150182,4.5,0.2
"527814045","peppers",0.683926168616434,3.66,0.2
"527814045","burger",0.32593183983132,4.07,0.2222
"527814045","sausage",0.438211222211661,3.8,0.375
"527814045","dessert",0.689527070166321,3.83,1e-04
"527814045","casserole",0.673346081779725,3.07,0.1429
"527814045","pie",0.696174351582188,4.19,0.1429
"527814045","water",0.47923797575793,5.52,0.2
"527814045","watermelon",0.689950107617922,3.35,0.4444
"527814045","candy",0.601362517432407,4.29,0.1111
"527814045","liquor",0.599747494461763,4.01,0.1429
"527814045","mustard",0.702204645768262,3.69,0.1667
"527814045","tomatoes",0.757721214018207,3.9,0.1429
"527814045","onions",0.897741081661716,3.78,0.1429
"527814045","soda",0.712504372778911,4.04,0.1429
"527814045","corn",0.572027765271239,4.19,1e-04
"527814045","strawberries",0.787097161725161,3.54,0.2222
"527814045","lettuce",0.776114812648559,3.56,1e-04
"527814045","cheese",0.771913571865623,4.57,0.25
"527814045","noodles",0.706402951152697,3.7,1e-04
"527814045","wrap",0.564104703186077,4.2,1e-04
"264341145","chicken",1e-04,4.63,1e-04
"264341145","burger",0.458541038294662,4.07,0.1111
"264341145","macaroni",0.511575021811629,3.11,0.2222
"264341145","cheese",0.744331432949107,4.57,0.3636
"264341145","ribs",0.366528480997734,3.8,0.1818
"264341145","wings",0.527527918965084,4.44,0.5
"264341145","soda",0.234780477507689,4.04,1e-04
"264341145","water",0.709162711684952,5.52,1e-04
"264341145","pickles",0.539265955629385,3.48,1e-04
"264341145","peppers",0.813647492016432,3.66,0.1111
"264341145","cheese",0.779748262949726,4.57,0.1818
"264341145","noodles",0.706402951152697,3.7,0.1818
"551600991","burger",1e-04,4.07,1e-04
"551600991","fudge",0.281216903372217,3.33,1e-04
"551600991","milk",0.352361022441479,4.66,1e-04
"551600991","fried",0.744168781587326,4.06,0.0833
"551600991","burger",0.360621393205663,4.07,1e-04
"551600991","meal",0.186935231154321,4.48,0.1
"551600991","omelet",0.594530652624638,2.63,0.2
"551600991","sandwich",0.783976405213073,4.13,0.125
"551600991","pie",0.666076393428455,4.19,0.25
"551600991","dumpling",0.818017207998811,2.67,1e-04
"551600991","noodles",0.720819850951906,3.7,0.1429
"551600991","milk",0.66165203748251,4.66,0.1667
"551600991","soda",0.742931722824079,4.04,0.0833
"551600991","eggs",0.703734577613833,4.5,1e-04
"551600991","bacon",0.634962320875807,4.15,1e-04
"551600991","toast",0.754855214512198,3.96,1e-04
"551600991","pudding",0.843519965741961,3.61,1e-04
"551600991","cake",0.858894756963243,4.53,0.0833
"551600991","noodles",0.661812974113713,3.7,1e-04
"551600991","water",0.597729815327067,5.52,0.1429
"551600991","milk",0.690024989454382,4.66,0.0833
"551600991","wrap",0.44165032734164,4.2,0.1818
"055300236","noodles",1e-04,3.7,1e-04
"055300236","cuttlefish",0.6047074010679,2.53,0.125
"055300236","chicken",0.651516539680469,4.63,0.0909
"055300236","beverage",0.589822338663438,3.69,0.0909
"055300236","juice",0.614328238954739,4.36,1e-04
"055300236","noodles",0.736624728383808,3.7,0.125
"055300236","water",0.597729815327067,5.52,0.1429
"055300236","milk",0.690024989454382,4.66,0.0833
"055300236","fish",0.544734033436815,4.9,0.0833
"055300236","shrimp",0.612778586282001,3.79,1e-04
"055300236","lemonade",0.764891043580116,3.44,1e-04
"055300236","candy",0.75022019293201,4.29,1e-04
"055300236","juice",0.650139055073321,4.36,0.125
"238652912","soda",1e-04,4.04,1e-04
"238652912","pepper",0.75856652421407,4.14,0.6
"238652912","ice",0.550095945872707,5,1e-04
"238652912","soda",0.612936258689549,4.04,0.2
"238652912","pie",0.691234729962532,4.19,0.2222
"238652912","potato",0.745020682522477,4.11,0.3333
"238652912","corn",0.727887177290507,4.19,0.1
"238652912","beans",0.727232159773257,4.14,0.125
"238652912","soup",0.763939060964221,4.15,1e-04
"238652912","tea",0.73081249534246,4.73,0.1111
"238652912","lemonade",0.757901131256235,3.44,1e-04
"238652912","watermelon",0.669805429788622,3.35,0.1111
"238652912","pumpkin",0.604896914454272,3.83,0.2222
"238652912","cherry",0.674788214049328,4.18,1e-04
"238652912","apple",0.813738718106271,4.76,1e-04
"238652912","orange",0.710319494634719,4.62,0.2
"329928353","juice",1e-04,4.36,1e-04
"329928353","meat",0.690377480792893,4.63,0.0909
"329928353","sprouts",0.585013727964185,3.23,1e-04
"329928353","coke",0.350894071789795,4.08,1e-04
"329928353","dessert",0.469348134582195,3.83,0.1
"329928353","meat",0.696225620982771,4.63,0.0909
"329928353","juice",0.690377480792893,4.36,0.0909
"329928353","dessert",0.641568829565553,3.83,0.2
"329928353","cake",0.786345116797922,4.53,1e-04
"329928353","fruit",0.616296493552143,4.57,0.25
"329928353","milk",0.542530333629762,4.66,0.0833
"329928353","water",0.690024989454382,5.52,0.0833
"329928353","steak",0.698555743542742,3.97,1e-04
"329928353","lettuce",0.847610842469642,3.56,0.2
"329928353","salad",0.834171730390647,4.15,0.0769
"329928353","sprite",0.537153380003129,3.19,0.0769
"352061675","bread",1e-04,4.5,1e-04
"352061675","chicken",0.72205919271004,4.63,0.0909
"352061675","potatoes",0.830538137068076,4.09,0.0909
"352061675","burger",0.414191708804671,4.07,0.1111
"352061675","sausage",0.438211222211661,3.8,0.375
"352061675","sauce",0.786826808745293,4.3,1e-04
"352061675","peanuts",0.643109321786511,3.52,0.25
"352061675","pie",0.664108535049797,4.19,0.3333
"352061675","cuttlefish",0.594309715931868,2.53,1e-04
"352061675","peaches",0.580067573197449,3.5,1e-04
"352061675","apples",0.769515855864536,3.96,0.2
"352061675","soda",0.597955809784822,4.04,1e-04
"352061675","chicken",0.635267781523425,4.63,0.0909
"352061675","carrots",0.840710583228669,3.63,0.3636
"352061675","cabbage",0.843990504279178,3.55,0.125
"352061675","lettuce",0.828292521415856,3.56,1e-04
"352061675","cheese",0.771913571865623,4.57,0.0909
"352061675","soup",0.763904574759158,4.15,1e-04
"352061675","dairy",0.492355933797328,4.09,1e-04
"422150423","cider",1e-04,3.5,1e-04
"422150423","juice",0.667725803137302,4.36,0.5
"422150423","noodles",0.736624728383808,3.7,0.2857
"422150423","fish",0.553621437997796,4.9,1e-04
"422150423","juice",0.637981397896518,4.36,1e-04
"422150423","tomatoes",0.778711041064645,3.9,1e-04
"422150423","vegetables",0.797134192775352,4.15,0.2222
"422150423","asparagus",0.709847976658561,3.25,0.1111
"422150423","salmon",0.780935272343112,4.01,0.2222
